gbifID,datasetKey,occurrenceID,kingdom,phylum,class,order,family,genus,species,infraspecificEpithet,taxonRank,scientificName,verbatimScientificName,verbatimScientificNameAuthorship,countryCode,locality,stateProvince,occurrenceStatus,individualCount,publishingOrgKey,Lat,Long,Extent,Notes,Cer,elevation,elevationAccuracy,depth,depthAccuracy,eventDate,day,month,Date,taxonKey,speciesKey,basisOfRecord,institutionCode,collectionCode,catalogNumber,recordNumber,identifiedBy,dateIdentified,license,rightsHolder,recordedBy,typeStatus,establishmentMeans,lastInterpreted,mediaType,issue,,,,,,,,,,,,,,,,,,,,,,,,,,,,,,,,,,,,,,
3698564400,84786a2e-f762-11e1-a439-00145eb45e9a,f6765ecc-fdee-11e2-ab74-7d6dab1460a4,Animalia,Chordata,Crocodylia,,Crocodylidae,Crocodylus,Crocodylus niloticus,,SPECIES,"Crocodylus niloticus Laurenti, 1768",Crocodylus niloticus,,LR,"Gbarnga District, Suacoco, Singye Village",Bong County,PRESENT,,c361e830-181e-11da-9544-b8a03c50a862,7.06974035,-9.610743119,18.53,"Midpoint of Suakoko eyeballed, could not locate Singye Village so used Suakoko",75,,,,,30/04/1964 00:00,30,4,1964,2441341,2441341,PRESERVED_SPECIMEN,LSUMZ,Herps,37792,,,,CC0_1_0,,"Varkey, Alexander",,Native,25/11/2022 06:45,,INSTITUTION_COLLECTION_MISMATCH,,,,,,,,,,,,,,,,,,,,,,,,,,,,,,,,,,,,,,
3464485197,becc5a69-15e6-4195-b2a1-7746022b9e47,5b14eaa3-6f03-11ec-9996-0242ac120018,Animalia,Chordata,Crocodylia,,Crocodylidae,Crocodylus,Crocodylus niloticus,,SPECIES,"Crocodylus niloticus Laurenti, 1768",Crocodylus niloticus,,ZA,Kosi Bay,KwaZulu-Natal,PRESENT,,0c163d39-b67e-4bd9-a2f4-6344b67247f9,-26.9016,32.866825,1.34,"The locality data and coordinates match, but hard to locate exact position of Kosi Bay on Google Maps, also error says country invalid, but it is valid",50,,,,,01/12/1905 00:00,,12,1905,2441341,2441341,PRESERVED_SPECIMEN,NMSA,NMSA-HER,NMSA-Her 000497,,,,CC_BY_4_0,KwaZulu-Natal Museum,"Toppin, F.",,,25/11/2022 10:02,,COUNTRY_INVALID,,,,,,,,,,,,,,,,,,,,,,,,,,,,,,,,,,,,,,
3464482648,becc5a69-15e6-4195-b2a1-7746022b9e47,5b14ea68-6f03-11ec-9996-0242ac120018,Animalia,Chordata,Crocodylia,,Crocodylidae,Crocodylus,Crocodylus niloticus,,SPECIES,"Crocodylus niloticus Laurenti, 1768",Crocodylus niloticus,,ZA,Kosi Bay,KwaZulu-Natal,PRESENT,,0c163d39-b67e-4bd9-a2f4-6344b67247f9,-26.9016,32.866825,1.34,"The locality data and coordinates match, but hard to locate exact position of Kosi Bay on Google Maps, also error says country invalid, but it is valid",50,,,,,01/02/1906 00:00,,2,1906,2441341,2441341,PRESERVED_SPECIMEN,NMSA,NMSA-HER,NMSA-Her 000496,,,,CC_BY_4_0,KwaZulu-Natal Museum,"Toppin, F.; Warren, E.",,,25/11/2022 10:02,,COUNTRY_INVALID,,,,,,,,,,,,,,,,,,,,,,,,,,,,,,,,,,,,,,
2274779015,717b3b87-0ebd-46b4-812b-4a29786798d9,urn:catalog:UMZC:Vertebrates:R.6116,Animalia,Chordata,Crocodylia,,Crocodylidae,Crocodylus,Crocodylus niloticus,,SPECIES,"Crocodylus niloticus Laurenti, 1768",Crocodylus niloticus,,ZW,Kafue Flats,,PRESENT,1,d9ccac00-9bc7-11de-a329-b8a03c50a862,-19.02316027,29.96015513,395.25,Locality unclear so used country ,100,,,,,01/01/1957 00:00,,,1957,2441341,2441341,PRESERVED_SPECIMEN,UMZC,Vertebrates,R.6116,,,,CC_BY_4_0,,"Cott, H.B.",,Native,24/11/2022 23:39,,INSTITUTION_MATCH_FUZZY;INSTITUTION_COLLECTION_MISMATCH,,,,,,,,,,,,,,,,,,,,,,,,,,,,,,,,,,,,,,
1990664529,7e380070-f762-11e1-a439-00145eb45e9a,fb08ebd6-5c83-46c9-9298-f448497948a5,Animalia,Chordata,Crocodylia,,Crocodylidae,Crocodylus,Crocodylus niloticus,,SPECIES,"Crocodylus niloticus Laurenti, 1768",Crocodilus niloticus,,GH,Nungua.,,PRESENT,1,19456090-b49a-11d8-abeb-b8a03c50a862,7.94181967,-1.204395172,369.22,Locality unclear so used country ,100,,,,,01/02/1962 00:00,,2,1962,2441341,2441341,PRESERVED_SPECIMEN,NHMUK,ZOO,2018.2863,,,,CC0_1_0,,J.D. Thomas,,,18/12/2022 02:59,,TAXON_MATCH_FUZZY;INSTITUTION_MATCH_FUZZY;INSTITUTION_COLLECTION_MISMATCH,,,,,,,,,,,,,,,,,,,,,,,,,,,,,,,,,,,,,,
1990664527,7e380070-f762-11e1-a439-00145eb45e9a,65efaf21-ffe3-43f8-9739-992c2d7d66b8,Animalia,Chordata,Crocodylia,,Crocodylidae,Crocodylus,Crocodylus niloticus,,SPECIES,"Crocodylus niloticus Laurenti, 1768",Crocodilus niloticus,,GH,Nsawam,,PRESENT,1,19456090-b49a-11d8-abeb-b8a03c50a862,5.819820827,-0.349053476,2.87,,100,,,,,26/09/1964 00:00,26,9,1964,2441341,2441341,PRESERVED_SPECIMEN,NHMUK,ZOO,2018.2856,,,,CC0_1_0,,,,,18/12/2022 03:00,,TAXON_MATCH_FUZZY;INSTITUTION_MATCH_FUZZY;INSTITUTION_COLLECTION_MISMATCH,,,,,,,,,,,,,,,,,,,,,,,,,,,,,,,,,,,,,,
1990663520,7e380070-f762-11e1-a439-00145eb45e9a,3c53a6df-be1d-43a4-8ad8-fa3465d8468b,Animalia,Chordata,Crocodylia,,Crocodylidae,Crocodylus,Crocodylus niloticus,,SPECIES,"Crocodylus niloticus Laurenti, 1768",Crocodilus niloticus,,GH,Nungua.,,PRESENT,1,19456090-b49a-11d8-abeb-b8a03c50a862,7.94181967,-1.204395172,369.22,Locality unclear so used country ,100,,,,,01/02/1962 00:00,,2,1962,2441341,2441341,PRESERVED_SPECIMEN,NHMUK,ZOO,2018.2832,,,,CC0_1_0,,J.D. Thomas,,,18/12/2022 03:00,,TAXON_MATCH_FUZZY;INSTITUTION_MATCH_FUZZY;INSTITUTION_COLLECTION_MISMATCH,,,,,,,,,,,,,,,,,,,,,,,,,,,,,,,,,,,,,,
1990663508,7e380070-f762-11e1-a439-00145eb45e9a,069e0670-6249-4fe9-98b7-ca7f4a36b69e,Animalia,Chordata,Crocodylia,,Crocodylidae,Crocodylus,Crocodylus niloticus,,SPECIES,"Crocodylus niloticus Laurenti, 1768",Crocodilus niloticus,,GH,Nsawam,,PRESENT,1,19456090-b49a-11d8-abeb-b8a03c50a862,5.819820827,-0.349053476,2.87,,100,,,,,06/04/1961 00:00,6,4,1961,2441341,2441341,PRESERVED_SPECIMEN,NHMUK,ZOO,2018.2834,,,,CC0_1_0,,Barry Hughes,,,18/12/2022 02:59,,TAXON_MATCH_FUZZY;INSTITUTION_MATCH_FUZZY;INSTITUTION_COLLECTION_MISMATCH,,,,,,,,,,,,,,,,,,,,,,,,,,,,,,,,,,,,,,
1977919051,3c66c8f5-a981-46ea-8b0f-6ae44f799220,IICT/R 15-1971,Animalia,Chordata,Crocodylia,,Crocodylidae,Crocodylus,Crocodylus niloticus,,SPECIES,"Crocodylus niloticus Laurenti, 1768","Crocodylus niloticus Laurenti, 1768","Laurenti, 1768",MZ,Nhaluiro,Tete,PRESENT,1,9fdb5a90-a5a6-11dd-8d5f-b8a03c50a862,-15.543889,31.909722,3036.00,Cooridnates do not match locality  ,,,,,,03/12/1971 00:00,3,12,1971,2441341,2441341,PRESERVED_SPECIMEN,MUHNAC,IICT,IICT/R 15-1971,,,,CC_BY_NC_4_0,Museu Nacional de História Natural e da Ciência,,,,24/11/2022 21:16,,RECORDED_DATE_INVALID;OCCURRENCE_STATUS_INFERRED_FROM_INDIVIDUAL_COUNT;COLLECTION_MATCH_NONE;INSTITUTION_MATCH_FUZZY,,,,,,,,,,,,,,,,,,,,,,,,,,,,,,,,,,,,,,
1977919039,3c66c8f5-a981-46ea-8b0f-6ae44f799220,IICT/R 16-1971,Animalia,Chordata,Crocodylia,,Crocodylidae,Crocodylus,Crocodylus niloticus,,SPECIES,"Crocodylus niloticus Laurenti, 1768","Crocodylus niloticus Laurenti, 1768","Laurenti, 1768",MZ,Nhaluiro,Tete,PRESENT,1,9fdb5a90-a5a6-11dd-8d5f-b8a03c50a862,-15.543889,31.909722,3036.00,Cooridnates do not match locality  ,,,,,,03/12/1971 00:00,3,12,1971,2441341,2441341,PRESERVED_SPECIMEN,MUHNAC,IICT,IICT/R 16-1971,,,,CC_BY_NC_4_0,Museu Nacional de História Natural e da Ciência,,,,24/11/2022 21:16,,RECORDED_DATE_INVALID;OCCURRENCE_STATUS_INFERRED_FROM_INDIVIDUAL_COUNT;COLLECTION_MATCH_NONE;INSTITUTION_MATCH_FUZZY,,,,,,,,,,,,,,,,,,,,,,,,,,,,,,,,,,,,,,
1977918799,3c66c8f5-a981-46ea-8b0f-6ae44f799220,IICT/R 14-1971,Animalia,Chordata,Crocodylia,,Crocodylidae,Crocodylus,Crocodylus niloticus,,SPECIES,"Crocodylus niloticus Laurenti, 1768","Crocodylus niloticus Laurenti, 1768","Laurenti, 1768",MZ,Nhaluiro,Tete,PRESENT,1,9fdb5a90-a5a6-11dd-8d5f-b8a03c50a862,-15.543889,31.909722,3036.00,Cooridnates do not match locality  ,,,,,,03/12/1971 00:00,3,12,1971,2441341,2441341,PRESERVED_SPECIMEN,MUHNAC,IICT,IICT/R 14-1971,,,,CC_BY_NC_4_0,Museu Nacional de História Natural e da Ciência,,,,24/11/2022 21:16,,RECORDED_DATE_INVALID;OCCURRENCE_STATUS_INFERRED_FROM_INDIVIDUAL_COUNT;COLLECTION_MATCH_NONE;INSTITUTION_MATCH_FUZZY,,,,,,,,,,,,,,,,,,,,,,,,,,,,,,,,,,,,,,
1977918678,3c66c8f5-a981-46ea-8b0f-6ae44f799220,IICT/R 13-1971,Animalia,Chordata,Crocodylia,,Crocodylidae,Crocodylus,Crocodylus niloticus,,SPECIES,"Crocodylus niloticus Laurenti, 1768","Crocodylus niloticus Laurenti, 1768","Laurenti, 1768",MZ,Nhaluiro,Tete,PRESENT,1,9fdb5a90-a5a6-11dd-8d5f-b8a03c50a862,-15.543889,31.909722,3036.00,Cooridnates do not match locality  ,,,,,,03/12/1971 00:00,3,12,1971,2441341,2441341,PRESERVED_SPECIMEN,MUHNAC,IICT,IICT/R 13-1971,,,,CC_BY_NC_4_0,Museu Nacional de História Natural e da Ciência,,,,24/11/2022 21:16,,RECORDED_DATE_INVALID;OCCURRENCE_STATUS_INFERRED_FROM_INDIVIDUAL_COUNT;COLLECTION_MATCH_NONE;INSTITUTION_MATCH_FUZZY,,,,,,,,,,,,,,,,,,,,,,,,,,,,,,,,,,,,,,
1852441222,a8ee9bc6-5914-427d-9fba-f8545250ac34,4d1caa80-5381-11e6-9649-a4a3446a4726,Animalia,Chordata,Crocodylia,,Crocodylidae,Crocodylus,Crocodylus niloticus,,SPECIES,"Crocodylus niloticus Laurenti, 1768",Crocodylus niloticus,,AO,Benguela,,PRESENT,,cf9ceb80-9f3d-11da-b791-b8a03c50a862,-12.58943178,13.41539349,6.35,,100,,,,,01/04/1957 00:00,,4,1957,2441341,2441341,PRESERVED_SPECIMEN,CUMV,Herps,R-0012805,KKA 67,,,CC0_1_0,,A. Jones,,Native,25/11/2022 09:10,,INSTITUTION_COLLECTION_MISMATCH,,,,,,,,,,,,,,,,,,,,,,,,,,,,,,,,,,,,,,
1852436876,a8ee9bc6-5914-427d-9fba-f8545250ac34,4cd86e8b-5381-11e6-9649-a4a3446a4726,Animalia,Chordata,Crocodylia,,Crocodylidae,Crocodylus,Crocodylus niloticus,,SPECIES,"Crocodylus niloticus Laurenti, 1768",Crocodylus niloticus,,CG,Kindu,,PRESENT,,cf9ceb80-9f3d-11da-b791-b8a03c50a862,-2.94826822,25.92292629,5.12,,100,,,,,01/05/1956 00:00,,5,1956,2441341,2441341,PRESERVED_SPECIMEN,CUMV,Herps,R-0012820,KKA 68,,,CC0_1_0,,unknown,,Native,25/11/2022 09:10,,INSTITUTION_COLLECTION_MISMATCH,,,,,,,,,,,,,,,,,,,,,,,,,,,,,,,,,,,,,,
1324148076,832b8188-f762-11e1-a439-00145eb45e9a,DBEC6E2C-43F1-48DE-BA09-B3F757EC7AF9,Animalia,Chordata,Crocodylia,,Crocodylidae,Crocodylus,Crocodylus niloticus,,SPECIES,"Crocodylus niloticus Laurenti, 1768",Crocodylus niloticus,,GA,"Moukalaba-Doudou National Park, Gamba, N'dougou Lagoon, Bongo River",Ogooue-Maritime,PRESENT,,8483a1f0-1032-11db-ae00-b8a03c50a862,-2.5343,10.11458,0.01,Cooridnates match but extent too small ,25,,,,,10/02/2010 00:00,10,2,2010,2441341,2441341,PRESERVED_SPECIMEN,UF,Herp,166784,,,,CC_BY_NC_4_0,,"Shirley, Matthew",,,12/12/2022 05:06,,INSTITUTION_MATCH_FUZZY;COLLECTION_MATCH_FUZZY,,,,,,,,,,,,,,,,,,,,,,,,,,,,,,,,,,,,,,
1324148073,832b8188-f762-11e1-a439-00145eb45e9a,3B60146E-2498-44C9-9292-47317D456131,Animalia,Chordata,Crocodylia,,Crocodylidae,Crocodylus,Crocodylus niloticus,,SPECIES,"Crocodylus niloticus Laurenti, 1768",Crocodylus niloticus,,GA,"Loango National Park, N'gowe Lagoon",,PRESENT,,8483a1f0-1032-11db-ae00-b8a03c50a862,-1.92574,9.35291,0.01,Cooridnates match but extent too small ,25,,,,,29/11/2010 00:00,29,11,2010,2441341,2441341,PRESERVED_SPECIMEN,UF,Herp,166785,,,,CC_BY_NC_4_0,,"Shirley, Matthew",,,12/12/2022 05:06,,INSTITUTION_MATCH_FUZZY;COLLECTION_MATCH_FUZZY,,,,,,,,,,,,,,,,,,,,,,,,,,,,,,,,,,,,,,
1322976549,821cc27a-e3bb-4bc5-ac34-89ada245069d,http://n2t.net/ark:/65665/3ff78d8c5-90fd-4212-b5b8-f5729882bb86,Animalia,Chordata,Crocodylia,,Crocodylidae,Crocodylus,Crocodylus niloticus,,SPECIES,"Crocodylus niloticus Laurenti, 1768",Crocodylus niloticus,,SL,"Bo Town, 7 mi S of, Gondoma, at Sewa River",Southern Province,PRESENT,1,bc092ff0-02e4-11dc-991f-b8a03c50a862,7.956595924,-11.73636102,5.28,Mid point eyeballed,75,,,,13/06/1963 00:00,13/06/1963 00:00,13,6,1963,2441341,2441341,PRESERVED_SPECIMEN,USNM,HERP,USNM 149668,,,,CC0_1_0,,,,,02/12/2022 12:41,,,,,,,,,,,,,,,,,,,,,,,,,,,,,,,,,,,,,,,,
1322820585,821cc27a-e3bb-4bc5-ac34-89ada245069d,http://n2t.net/ark:/65665/3f88f5d51-6142-4e5f-a77f-bced8c35e490,Animalia,Chordata,Crocodylia,,Crocodylidae,Crocodylus,Crocodylus niloticus,,SPECIES,"Crocodylus niloticus Laurenti, 1768",Crocodylus niloticus,,SL,"Bo Town, 7 mi S of, Gondoma, at Sewa River",Southern Province,PRESENT,1,bc092ff0-02e4-11dc-991f-b8a03c50a862,7.956595924,-11.73636102,5.28,Mid point eyeballed,75,,,,13/06/1963 00:00,13/06/1963 00:00,13,6,1963,2441341,2441341,PRESERVED_SPECIMEN,USNM,HERP,USNM 149667,,,,CC0_1_0,,,,,02/12/2022 12:40,,,,,,,,,,,,,,,,,,,,,,,,,,,,,,,,,,,,,,,,
1322768283,821cc27a-e3bb-4bc5-ac34-89ada245069d,http://n2t.net/ark:/65665/3f63ba636-af12-4e8e-8a60-f6ad6d50e30e,Animalia,Chordata,Crocodylia,,Crocodylidae,Crocodylus,Crocodylus niloticus,,SPECIES,"Crocodylus niloticus Laurenti, 1768",Crocodylus niloticus,,LR,Mt. Coffee,Montserrado County,PRESENT,1,bc092ff0-02e4-11dc-991f-b8a03c50a862,6.4906,-10.65,0.63,"Locality data and coordinates  match, extent half distance from Mt Coffee to Buzi Quarters",75,,,,,###############################################################################################################################################################################################################################################################,5,5,1897,2441341,2441341,PRESERVED_SPECIMEN,USNM,HERP,USNM 24331,,,,CC0_1_0,,,,,02/12/2022 12:40,,GEODETIC_DATUM_ASSUMED_WGS84,,,,,,,,,,,,,,,,,,,,,,,,,,,,,,,,,,,,,,
1322723947,821cc27a-e3bb-4bc5-ac34-89ada245069d,http://n2t.net/ark:/65665/3f443b07b-42f5-47ec-9c8c-90c6fecba341,Animalia,Chordata,Crocodylia,,Crocodylidae,Crocodylus,Crocodylus niloticus,,SPECIES,"Crocodylus niloticus Laurenti, 1768",Crocodylus niloticus,,UG,"Rhino Camp, Lado Enclave",Northern Region,PRESENT,1,bc092ff0-02e4-11dc-991f-b8a03c50a862,2.9694,31.3972,1.33,"The locality data and coordinates match,  extent by 1/2 distance to nearest named place which was Abario ",75,,,,,20/01/1910 00:00,20,1,1910,2441341,2441341,PRESERVED_SPECIMEN,USNM,HERP,USNM 42149,,,,CC0_1_0,,,,,02/12/2022 12:40,,GEODETIC_DATUM_ASSUMED_WGS84,,,,,,,,,,,,,,,,,,,,,,,,,,,,,,,,,,,,,,
1322605529,821cc27a-e3bb-4bc5-ac34-89ada245069d,http://n2t.net/ark:/65665/3eefef3c6-a228-4576-af1c-f105f9779e62,Animalia,Chordata,Crocodylia,,Crocodylidae,Crocodylus,Crocodylus niloticus,,SPECIES,"Crocodylus niloticus Laurenti, 1768",Crocodylus niloticus,,BW,Shakawe,,PRESENT,1,bc092ff0-02e4-11dc-991f-b8a03c50a862,-18.36348366,21.83874821,5.21,Mid point eyeballed,75,,,,,10/05/1967 00:00,10,5,1967,2441341,2441341,PRESERVED_SPECIMEN,USNM,HERP,USNM 195448,,,,CC0_1_0,,,,,02/12/2022 12:40,,,,,,,,,,,,,,,,,,,,,,,,,,,,,,,,,,,,,,,,
1322424908,821cc27a-e3bb-4bc5-ac34-89ada245069d,http://n2t.net/ark:/65665/3e70ab970-5501-469b-9726-842a67d642aa,Animalia,Chordata,Crocodylia,,Crocodylidae,Crocodylus,Crocodylus niloticus,,SPECIES,"Crocodylus niloticus Laurenti, 1768",Crocodylus niloticus,,LR,Mt. Coffee,Montserrado County,PRESENT,1,bc092ff0-02e4-11dc-991f-b8a03c50a862,6.4906,-10.65,0.63,"Locality data and coordinates  match, extent half distance from Mt Coffee to Buzi Quarters",75,,,,,###############################################################################################################################################################################################################################################################,4,5,1897,2441341,2441341,PRESERVED_SPECIMEN,USNM,HERP,USNM 24247,,,,CC0_1_0,,,,,02/12/2022 12:40,,GEODETIC_DATUM_ASSUMED_WGS84,,,,,,,,,,,,,,,,,,,,,,,,,,,,,,,,,,,,,,
1322000900,821cc27a-e3bb-4bc5-ac34-89ada245069d,http://n2t.net/ark:/65665/3d449cfa0-560c-44a4-b963-0c3b17784829,Animalia,Chordata,Crocodylia,,Crocodylidae,Crocodylus,Crocodylus niloticus,,SPECIES,"Crocodylus niloticus Laurenti, 1768",Crocodylus niloticus,,LR,Mt. Coffee,Montserrado County,PRESENT,1,bc092ff0-02e4-11dc-991f-b8a03c50a862,6.4906,-10.65,0.63,"Locality data and coordinates  match, extent half distance from Mt Coffee to Buzi Quarters",75,,,,,###############################################################################################################################################################################################################################################################,5,5,1897,2441341,2441341,PRESERVED_SPECIMEN,USNM,HERP,USNM 24330,,,,CC0_1_0,,,,,02/12/2022 12:40,,GEODETIC_DATUM_ASSUMED_WGS84,,,,,,,,,,,,,,,,,,,,,,,,,,,,,,,,,,,,,,
1321443054,821cc27a-e3bb-4bc5-ac34-89ada245069d,http://n2t.net/ark:/65665/3bb86b5b4-5c12-4615-b8fa-2b5c29cb2e56,Animalia,Chordata,Crocodylia,,Crocodylidae,Crocodylus,Crocodylus niloticus,,SPECIES,"Crocodylus niloticus Laurenti, 1768",Crocodylus niloticus,,LR,Mt. Coffee,Montserrado County,PRESENT,1,bc092ff0-02e4-11dc-991f-b8a03c50a862,6.4906,-10.65,0.63,"Locality data and coordinates  match, extent half distance from Mt Coffee to Buzi Quarters",75,,,,,###############################################################################################################################################################################################################################################################,4,5,1897,2441341,2441341,PRESERVED_SPECIMEN,USNM,HERP,USNM 24246,,,,CC0_1_0,,,,,02/12/2022 12:40,,GEODETIC_DATUM_ASSUMED_WGS84,,,,,,,,,,,,,,,,,,,,,,,,,,,,,,,,,,,,,,
1319087154,821cc27a-e3bb-4bc5-ac34-89ada245069d,http://n2t.net/ark:/65665/3535d8fd5-454c-47bf-83bf-faef8cb9eea6,Animalia,Chordata,Crocodylia,,Crocodylidae,Crocodylus,Crocodylus niloticus,,SPECIES,"Crocodylus niloticus Laurenti, 1768",Crocodylus niloticus,,SD,Juba,Eastern Equatoria,PRESENT,1,bc092ff0-02e4-11dc-991f-b8a03c50a862,4.860002233,31.57169019,7.66,,100,,,,,10/05/1948 00:00,10,5,1948,2441341,2441341,PRESERVED_SPECIMEN,USNM,HERP,USNM 129762,,,,CC0_1_0,,,,,02/12/2022 12:41,,,,,,,,,,,,,,,,,,,,,,,,,,,,,,,,,,,,,,,,
1318837216,821cc27a-e3bb-4bc5-ac34-89ada245069d,http://n2t.net/ark:/65665/3484d5849-f372-4f9a-87f6-b3d35ec5f8a3,Animalia,Chordata,Crocodylia,,Crocodylidae,Crocodylus,Crocodylus niloticus,,SPECIES,"Crocodylus niloticus Laurenti, 1768",Crocodylus niloticus,,SL,"Bo Town, 7 mi S of, Gondoma, at Sewa River",Southern Province,PRESENT,1,bc092ff0-02e4-11dc-991f-b8a03c50a862,7.956595924,-11.73636102,5.28,Mid point eyeballed,50,,,,,13/06/1963 00:00,13,6,1963,2441341,2441341,PRESERVED_SPECIMEN,USNM,HERP,USNM 149670,,,,CC0_1_0,,,,,02/12/2022 12:40,,,,,,,,,,,,,,,,,,,,,,,,,,,,,,,,,,,,,,,,
1318587215,821cc27a-e3bb-4bc5-ac34-89ada245069d,http://n2t.net/ark:/65665/33d3e85b4-37c5-4fa9-891e-999e62cd498c,Animalia,Chordata,Crocodylia,,Crocodylidae,Crocodylus,Crocodylus niloticus,,SPECIES,"Crocodylus niloticus Laurenti, 1768",Crocodylus niloticus,,LR,Mt. Coffee,Montserrado County,PRESENT,1,bc092ff0-02e4-11dc-991f-b8a03c50a862,6.4906,-10.65,0.63,"Locality data and coordinates  match, extent half distance from Mt Coffee to Buzi Quarters",100,,,,,###############################################################################################################################################################################################################################################################,5,5,1897,2441341,2441341,PRESERVED_SPECIMEN,USNM,HERP,USNM 24329,,,,CC0_1_0,,,,,02/12/2022 12:40,,GEODETIC_DATUM_ASSUMED_WGS84,,,,,,,,,,,,,,,,,,,,,,,,,,,,,,,,,,,,,,
1318479560,821cc27a-e3bb-4bc5-ac34-89ada245069d,http://n2t.net/ark:/65665/3387e5940-3edd-431f-8cb7-9f5d7fcd43b0,Animalia,Chordata,Crocodylia,,Crocodylidae,Crocodylus,Crocodylus niloticus,,SPECIES,"Crocodylus niloticus Laurenti, 1768",Crocodylus niloticus,,LR,Mt. Coffee,Montserrado County,PRESENT,1,bc092ff0-02e4-11dc-991f-b8a03c50a862,6.4906,-10.65,0.63,"Locality data and coordinates  match, extent half distance from Mt Coffee to Buzi Quarters",100,,,,,###############################################################################################################################################################################################################################################################,4,5,1897,2441341,2441341,PRESERVED_SPECIMEN,USNM,HERP,USNM 24248,,,,CC0_1_0,,,,,02/12/2022 12:40,,GEODETIC_DATUM_ASSUMED_WGS84,,,,,,,,,,,,,,,,,,,,,,,,,,,,,,,,,,,,,,
1318215967,821cc27a-e3bb-4bc5-ac34-89ada245069d,http://n2t.net/ark:/65665/32cd1d9e8-0e3d-41ae-ba4d-addd6902e332,Animalia,Chordata,Crocodylia,,Crocodylidae,Crocodylus,Crocodylus niloticus,,SPECIES,"Crocodylus niloticus Laurenti, 1768",Crocodylus niloticus,,SL,"Bo Town, 7 mi S of, Gondoma, at Sewa River",Southern Province,PRESENT,1,bc092ff0-02e4-11dc-991f-b8a03c50a862,7.956595924,-11.73636102,5.28,Mid point eyeballed,75,,,,,13/06/1963 00:00,13,6,1963,2441341,2441341,PRESERVED_SPECIMEN,USNM,HERP,USNM 149671,,,,CC0_1_0,,,,,02/12/2022 12:40,,,,,,,,,,,,,,,,,,,,,,,,,,,,,,,,,,,,,,,,
1318056706,821cc27a-e3bb-4bc5-ac34-89ada245069d,http://n2t.net/ark:/65665/325c3d072-8d80-4d76-b30a-29da5edff475,Animalia,Chordata,Crocodylia,,Crocodylidae,Crocodylus,Crocodylus niloticus,,SPECIES,"Crocodylus niloticus Laurenti, 1768",Crocodylus niloticus,,SL,"Bo Town, 7 mi S of, Gondoma, at Sewa River",Southern Province,PRESENT,1,bc092ff0-02e4-11dc-991f-b8a03c50a862,7.956595924,-11.73636102,5.28,Mid point eyeballed,75,,,,,13/06/1963 00:00,13,6,1963,2441341,2441341,PRESERVED_SPECIMEN,USNM,HERP,USNM 149666,,,,CC0_1_0,,,,,02/12/2022 12:40,,,,,,,,,,,,,,,,,,,,,,,,,,,,,,,,,,,,,,,,
1317886504,821cc27a-e3bb-4bc5-ac34-89ada245069d,http://n2t.net/ark:/65665/31e414283-5d23-482b-822f-723e56b639ca,Animalia,Chordata,Crocodylia,,Crocodylidae,Crocodylus,Crocodylus niloticus,,SPECIES,"Crocodylus niloticus Laurenti, 1768",Crocodylus niloticus,,UG,"Rhino Camp, Lado Enclave",Nile,PRESENT,29,bc092ff0-02e4-11dc-991f-b8a03c50a862,2.97,31.4,1.33,"The locality data and coordinates match,  extent by 1/2 distance to nearest named place which was Abario ",75,,,,,18/01/1910 00:00,18,1,1910,2441341,2441341,PRESERVED_SPECIMEN,USNM,HERP,USNM 42262,,,,CC0_1_0,,,,,02/12/2022 12:41,,GEODETIC_DATUM_ASSUMED_WGS84,,,,,,,,,,,,,,,,,,,,,,,,,,,,,,,,,,,,,,
1317864547,821cc27a-e3bb-4bc5-ac34-89ada245069d,http://n2t.net/ark:/65665/31d4a03b8-e616-4e2a-9403-9d973dffb76c,Animalia,Chordata,Crocodylia,,Crocodylidae,Crocodylus,Crocodylus niloticus,,SPECIES,"Crocodylus niloticus Laurenti, 1768",Crocodylus niloticus,,SD,Juba,Eastern Equatoria,PRESENT,1,bc092ff0-02e4-11dc-991f-b8a03c50a862,4.860002233,31.57169019,7.66,,100,,,,,10/05/1948 00:00,10,5,1948,2441341,2441341,PRESERVED_SPECIMEN,USNM,HERP,USNM 129761,,,,CC0_1_0,,,,,02/12/2022 12:39,,,,,,,,,,,,,,,,,,,,,,,,,,,,,,,,,,,,,,,,
1317773440,821cc27a-e3bb-4bc5-ac34-89ada245069d,http://n2t.net/ark:/65665/31940bd89-7d64-40a0-aea9-67a896ca4c58,Animalia,Chordata,Crocodylia,,Crocodylidae,Crocodylus,Crocodylus niloticus,,SPECIES,"Crocodylus niloticus Laurenti, 1768",Crocodylus niloticus,,SL,"Bo Town, 7 mi S of, Gondoma, at Sewa River",Southern Province,PRESENT,1,bc092ff0-02e4-11dc-991f-b8a03c50a862,7.956595924,-11.73636102,5.28,Mid point eyeballed,75,,,,,13/06/1963 00:00,13,6,1963,2441341,2441341,PRESERVED_SPECIMEN,USNM,HERP,USNM 149669,,,,CC0_1_0,,,,,02/12/2022 12:41,,,,,,,,,,,,,,,,,,,,,,,,,,,,,,,,,,,,,,,,
1317372438,821cc27a-e3bb-4bc5-ac34-89ada245069d,http://n2t.net/ark:/65665/30781ce92-fd80-4835-b279-d95068b41f31,Animalia,Chordata,Crocodylia,,Crocodylidae,Crocodylus,Crocodylus niloticus,,SPECIES,"Crocodylus niloticus Laurenti, 1768",Crocodylus niloticus,,LR,Mt. Coffee,Montserrado County,PRESENT,1,bc092ff0-02e4-11dc-991f-b8a03c50a862,6.4906,-10.65,0.63,"Locality data and coordinates  match, extent half distance from Mt Coffee to Buzi Quarters",75,,,,,###############################################################################################################################################################################################################################################################,22,3,1897,2441341,2441341,PRESERVED_SPECIMEN,USNM,HERP,USNM 24244,,,,CC0_1_0,,,,,02/12/2022 12:39,,GEODETIC_DATUM_ASSUMED_WGS84,,,,,,,,,,,,,,,,,,,,,,,,,,,,,,,,,,,,,,
1300146527,9a9dcc47-fdca-4881-998a-9596dcedff6a,urn:catalog:TM:Herpetology Collection:68856,Animalia,Chordata,Crocodylia,,Crocodylidae,Crocodylus,Crocodylus niloticus,,SPECIES,"Crocodylus niloticus Laurenti, 1768",Crocodylus niloticus,,ZA,Cape Vidal,KwaZulu-Natal,PRESENT,,c5f7ef70-e233-11d9-a4d6-b8a03c50a862,-28.11667,32.55,98.00,"Locality data and coordinates  match, extent half distance from Cape Vidal to Dukuduku",75,,,,,07/05/1987 00:00,7,5,1987,2441341,2441341,PRESERVED_SPECIMEN,TM,Herpetology Collection,68856,,,,CC_BY_4_0,,,,,25/11/2022 08:45,,GEODETIC_DATUM_ASSUMED_WGS84;INSTITUTION_MATCH_FUZZY;INSTITUTION_COLLECTION_MISMATCH,,,,,,,,,,,,,,,,,,,,,,,,,,,,,,,,,,,,,,
1300146232,9a9dcc47-fdca-4881-998a-9596dcedff6a,urn:catalog:TM:Herpetology Collection:67771,Animalia,Chordata,Crocodylia,,Crocodylidae,Crocodylus,Crocodylus niloticus,,SPECIES,"Crocodylus niloticus Laurenti, 1768",Crocodylus niloticus,,ZA,Charters Creek,KwaZulu-Natal,PRESENT,,c5f7ef70-e233-11d9-a4d6-b8a03c50a862,-28.2,32.41667,2.00,"Locality data and coordinates  match, extent half distance from Charters Creek to Makatana",75,,,,,21/03/1988 00:00,21,3,1988,2441341,2441341,PRESERVED_SPECIMEN,TM,Herpetology Collection,67771,,,,CC_BY_4_0,,,,,25/11/2022 08:45,,GEODETIC_DATUM_ASSUMED_WGS84;INSTITUTION_MATCH_FUZZY;INSTITUTION_COLLECTION_MISMATCH,,,,,,,,,,,,,,,,,,,,,,,,,,,,,,,,,,,,,,
1300146063,9a9dcc47-fdca-4881-998a-9596dcedff6a,urn:catalog:TM:Herpetology Collection:69050,Animalia,Chordata,Crocodylia,,Crocodylidae,Crocodylus,Crocodylus niloticus,,SPECIES,"Crocodylus niloticus Laurenti, 1768",Crocodylus niloticus,,ZA,Mapelane,KwaZulu-Natal,PRESENT,,c5f7ef70-e233-11d9-a4d6-b8a03c50a862,-28.4,32.41667,1.48,"Locality data and coordinates  match, extent half distance from Maplana to St Lucia",75,,,,,03/03/1990 00:00,3,3,1990,2441341,2441341,PRESERVED_SPECIMEN,TM,Herpetology Collection,69050,,,,CC_BY_4_0,,,,,25/11/2022 08:45,,GEODETIC_DATUM_ASSUMED_WGS84;INSTITUTION_MATCH_FUZZY;INSTITUTION_COLLECTION_MISMATCH,,,,,,,,,,,,,,,,,,,,,,,,,,,,,,,,,,,,,,
1300145359,9a9dcc47-fdca-4881-998a-9596dcedff6a,urn:catalog:TM:Herpetology Collection:68263,Animalia,Chordata,Crocodylia,,Crocodylidae,Crocodylus,Crocodylus niloticus,,SPECIES,"Crocodylus niloticus Laurenti, 1768",Crocodylus niloticus,,ZA,"Mhinga, Levuhi River",Limpopo,PRESENT,,c5f7ef70-e233-11d9-a4d6-b8a03c50a862,-20.75,30.93333,,Cooridnates do not match locality  ,,,,,,15/01/1989 00:00,15,1,1989,2441341,2441341,PRESERVED_SPECIMEN,TM,Herpetology Collection,68263,,,,CC_BY_4_0,,,,,25/11/2022 08:45,,GEODETIC_DATUM_ASSUMED_WGS84;COUNTRY_COORDINATE_MISMATCH;INSTITUTION_MATCH_FUZZY;INSTITUTION_COLLECTION_MISMATCH,,,,,,,,,,,,,,,,,,,,,,,,,,,,,,,,,,,,,,
1300144330,9a9dcc47-fdca-4881-998a-9596dcedff6a,urn:catalog:TM:Herpetology Collection:67226,Animalia,Chordata,Crocodylia,,Crocodylidae,Crocodylus,Crocodylus niloticus,,SPECIES,"Crocodylus niloticus Laurenti, 1768",Crocodylus niloticus,,ZA,Mapelane,KwaZulu-Natal,PRESENT,,c5f7ef70-e233-11d9-a4d6-b8a03c50a862,-28.4,32.41667,1.48,,100,,,,,13/03/1987 00:00,13,3,1987,2441341,2441341,PRESERVED_SPECIMEN,TM,Herpetology Collection,67226,,,,CC_BY_4_0,,,,,25/11/2022 08:45,,GEODETIC_DATUM_ASSUMED_WGS84;INSTITUTION_MATCH_FUZZY;INSTITUTION_COLLECTION_MISMATCH,,,,,,,,,,,,,,,,,,,,,,,,,,,,,,,,,,,,,,
1300143753,9a9dcc47-fdca-4881-998a-9596dcedff6a,urn:catalog:TM:Herpetology Collection:63668,Animalia,Chordata,Crocodylia,,Crocodylidae,Crocodylus,Crocodylus niloticus,,SPECIES,"Crocodylus niloticus Laurenti, 1768",Crocodylus niloticus,,ZA,"Mapelane, MSUNDUZI RIVER",KwaZulu-Natal,PRESENT,,c5f7ef70-e233-11d9-a4d6-b8a03c50a862,-28.4,32.41667,1.48,"Locality data and coordinates  match, extent half distance from Maplana to St Lucia",75,,,,,10/04/1985 00:00,10,4,1985,2441341,2441341,PRESERVED_SPECIMEN,TM,Herpetology Collection,63668,,,,CC_BY_4_0,,,,,25/11/2022 08:45,,GEODETIC_DATUM_ASSUMED_WGS84;INSTITUTION_MATCH_FUZZY;INSTITUTION_COLLECTION_MISMATCH,,,,,,,,,,,,,,,,,,,,,,,,,,,,,,,,,,,,,,
1300141889,9a9dcc47-fdca-4881-998a-9596dcedff6a,urn:catalog:TM:Herpetology Collection:65162,Animalia,Chordata,Crocodylia,,Crocodylidae,Crocodylus,Crocodylus niloticus,,SPECIES,"Crocodylus niloticus Laurenti, 1768",Crocodylus niloticus,,ZA,"Iphiva camp, St Lucia",KwaZulu-Natal,PRESENT,,c5f7ef70-e233-11d9-a4d6-b8a03c50a862,-28.37215871,32.41492332,1.32,Precise locaility unclear so used St Lucia,75,,,,,14/02/1986 00:00,14,2,1986,2441341,2441341,PRESERVED_SPECIMEN,TM,Herpetology Collection,65162,,,,CC_BY_4_0,,,,,25/11/2022 08:45,,INSTITUTION_MATCH_FUZZY;INSTITUTION_COLLECTION_MISMATCH,,,,,,,,,,,,,,,,,,,,,,,,,,,,,,,,,,,,,,
1300141426,9a9dcc47-fdca-4881-998a-9596dcedff6a,urn:catalog:TM:Herpetology Collection:64355,Animalia,Chordata,Crocodylia,,Crocodylidae,Crocodylus,Crocodylus niloticus,,SPECIES,"Crocodylus niloticus Laurenti, 1768",Crocodylus niloticus,,ZA,Lake Futululu,KwaZulu-Natal,PRESENT,,c5f7ef70-e233-11d9-a4d6-b8a03c50a862,-28.41667,32.25,,"Could not locate lake on map, potentially down to spelling error",,,,,,03/03/1985 00:00,3,3,1985,2441341,2441341,PRESERVED_SPECIMEN,TM,Herpetology Collection,64355,,,,CC_BY_4_0,,,,,25/11/2022 08:45,,GEODETIC_DATUM_ASSUMED_WGS84;INSTITUTION_MATCH_FUZZY;INSTITUTION_COLLECTION_MISMATCH,,,,,,,,,,,,,,,,,,,,,,,,,,,,,,,,,,,,,,
1300141045,9a9dcc47-fdca-4881-998a-9596dcedff6a,urn:catalog:TM:Herpetology Collection:64321,Animalia,Chordata,Crocodylia,,Crocodylidae,Crocodylus,Crocodylus niloticus,,SPECIES,"Crocodylus niloticus Laurenti, 1768",Crocodylus niloticus,,ZA,St. Lucia,KwaZulu-Natal,PRESENT,,c5f7ef70-e233-11d9-a4d6-b8a03c50a862,-28.38333,32.41667,3.58,"Locality data and coordinates  match, extent half distance from Maplana to Duku",75,,,,,21/04/1985 00:00,21,4,1985,2441341,2441341,PRESERVED_SPECIMEN,TM,Herpetology Collection,64321,,,,CC_BY_4_0,,,,,25/11/2022 08:45,,GEODETIC_DATUM_ASSUMED_WGS84;INSTITUTION_MATCH_FUZZY;INSTITUTION_COLLECTION_MISMATCH,,,,,,,,,,,,,,,,,,,,,,,,,,,,,,,,,,,,,,
1300125876,9a9dcc47-fdca-4881-998a-9596dcedff6a,urn:catalog:TM:Herpetology Collection:47323,Animalia,Chordata,Crocodylia,,Crocodylidae,Crocodylus,Crocodylus niloticus,,SPECIES,"Crocodylus niloticus Laurenti, 1768",Crocodylus niloticus,,ZA,Matjies River Cave,Western Cape,PRESENT,,c5f7ef70-e233-11d9-a4d6-b8a03c50a862,-34.00129036,23.4686051,0.05,Extent 1/2 distance to Marijes River Lagoon,75,,,,,20/12/1974 00:00,20,12,1974,2441341,2441341,PRESERVED_SPECIMEN,TM,Herpetology Collection,47323,,,,CC_BY_4_0,,,,,25/11/2022 08:45,,INSTITUTION_MATCH_FUZZY;INSTITUTION_COLLECTION_MISMATCH,,,,,,,,,,,,,,,,,,,,,,,,,,,,,,,,,,,,,,
1300114696,9a9dcc47-fdca-4881-998a-9596dcedff6a,urn:catalog:TM:Herpetology Collection:33272,Animalia,Chordata,Crocodylia,,Crocodylidae,Crocodylus,Crocodylus niloticus,,SPECIES,"Crocodylus niloticus Laurenti, 1768",Crocodylus niloticus,,ZA,Nduma Nat Res,KwaZulu-Natal,PRESENT,,c5f7ef70-e233-11d9-a4d6-b8a03c50a862,-26.91667,32.25,1.85,"Cooirdinates slighlty outside of nature reserve, extent half distance to nearest named place (Ndumu)",50,,,,,01/03/1967 00:00,1,3,1967,2441341,2441341,PRESERVED_SPECIMEN,TM,Herpetology Collection,33272,,,,CC_BY_4_0,,,,,25/11/2022 08:45,,GEODETIC_DATUM_ASSUMED_WGS84;INSTITUTION_MATCH_FUZZY;INSTITUTION_COLLECTION_MISMATCH,,,,,,,,,,,,,,,,,,,,,,,,,,,,,,,,,,,,,,
1300114688,9a9dcc47-fdca-4881-998a-9596dcedff6a,urn:catalog:TM:Herpetology Collection:33273,Animalia,Chordata,Crocodylia,,Crocodylidae,Crocodylus,Crocodylus niloticus,,SPECIES,"Crocodylus niloticus Laurenti, 1768",Crocodylus niloticus,,ZA,Nduma Nat Res,KwaZulu-Natal,PRESENT,,c5f7ef70-e233-11d9-a4d6-b8a03c50a862,-26.91667,32.25,1.85,"Cooirdinates slighlty outside of nature reserve, extent half distance to nearest named place (Ndumu)",50,,,,,01/03/1967 00:00,1,3,1967,2441341,2441341,PRESERVED_SPECIMEN,TM,Herpetology Collection,33273,,,,CC_BY_4_0,,,,,25/11/2022 08:45,,GEODETIC_DATUM_ASSUMED_WGS84;INSTITUTION_MATCH_FUZZY;INSTITUTION_COLLECTION_MISMATCH,,,,,,,,,,,,,,,,,,,,,,,,,,,,,,,,,,,,,,
1300100142,9a9dcc47-fdca-4881-998a-9596dcedff6a,urn:catalog:TM:Herpetology Collection:14922,Animalia,Chordata,Crocodylia,,Crocodylidae,Crocodylus,Crocodylus niloticus,,SPECIES,"Crocodylus niloticus Laurenti, 1768",Crocodylus niloticus,,ZA,"Punda Maria, Ndabeni River",Limpopo,PRESENT,,c5f7ef70-e233-11d9-a4d6-b8a03c50a862,-22.68333,31.03333,4.54,"Cooirdinates match, extent half distance to nearest named place (Matiyani)",75,,,,,14/10/1932 00:00,14,10,1932,2441341,2441341,PRESERVED_SPECIMEN,TM,Herpetology Collection,14922,,,,CC_BY_4_0,,,,,25/11/2022 08:45,,GEODETIC_DATUM_ASSUMED_WGS84;INSTITUTION_MATCH_FUZZY;INSTITUTION_COLLECTION_MISMATCH,,,,,,,,,,,,,,,,,,,,,,,,,,,,,,,,,,,,,,
1300100126,9a9dcc47-fdca-4881-998a-9596dcedff6a,urn:catalog:TM:Herpetology Collection:14919,Animalia,Chordata,Crocodylia,,Crocodylidae,Crocodylus,Crocodylus niloticus,,SPECIES,"Crocodylus niloticus Laurenti, 1768",Crocodylus niloticus,,ZA,"Pafuri, Makuleka",Limpopo,PRESENT,,c5f7ef70-e233-11d9-a4d6-b8a03c50a862,-22.41667,31.3,7.18,"Cooirdinates match, extent half distance to nearest named place (Sengwe)",50,,,,,18/11/1932 00:00,18,11,1932,2441341,2441341,PRESERVED_SPECIMEN,TM,Herpetology Collection,14919,,,,CC_BY_4_0,,,,,25/11/2022 08:45,,GEODETIC_DATUM_ASSUMED_WGS84;INSTITUTION_MATCH_FUZZY;INSTITUTION_COLLECTION_MISMATCH,,,,,,,,,,,,,,,,,,,,,,,,,,,,,,,,,,,,,,
1300099775,9a9dcc47-fdca-4881-998a-9596dcedff6a,urn:catalog:TM:Herpetology Collection:1277,Animalia,Chordata,Crocodylia,,Crocodylidae,Crocodylus,Crocodylus niloticus,,SPECIES,"Crocodylus niloticus Laurenti, 1768",Crocodylus niloticus,,ZA,Komatispoort,Mpumalanga,PRESENT,,c5f7ef70-e233-11d9-a4d6-b8a03c50a862,-25.43333,31.95,9.15,"Cooirdinates match, extent half distance to nearest named place (Marloth Park)",75,,,,,17/06/1911 00:00,17,6,1911,2441341,2441341,PRESERVED_SPECIMEN,TM,Herpetology Collection,1277,,,,CC_BY_4_0,,,,,25/11/2022 08:45,,GEODETIC_DATUM_ASSUMED_WGS84;INSTITUTION_MATCH_FUZZY;INSTITUTION_COLLECTION_MISMATCH,,,,,,,,,,,,,,,,,,,,,,,,,,,,,,,,,,,,,,
1300099765,9a9dcc47-fdca-4881-998a-9596dcedff6a,urn:catalog:TM:Herpetology Collection:1278,Animalia,Chordata,Crocodylia,,Crocodylidae,Crocodylus,Crocodylus niloticus,,SPECIES,"Crocodylus niloticus Laurenti, 1768",Crocodylus niloticus,,ZA,Komatipoort,Mpumalanga,PRESENT,,c5f7ef70-e233-11d9-a4d6-b8a03c50a862,-25.43333,31.95,9.15,"Cooirdinates match, extent half distance to nearest named place (Marloth Park)",75,,,,,17/06/1911 00:00,17,6,1911,2441341,2441341,PRESERVED_SPECIMEN,TM,Herpetology Collection,1278,,,,CC_BY_4_0,,,,,25/11/2022 08:45,,GEODETIC_DATUM_ASSUMED_WGS84;INSTITUTION_MATCH_FUZZY;INSTITUTION_COLLECTION_MISMATCH,,,,,,,,,,,,,,,,,,,,,,,,,,,,,,,,,,,,,,
1300099735,9a9dcc47-fdca-4881-998a-9596dcedff6a,urn:catalog:TM:Herpetology Collection:1274,Animalia,Chordata,Crocodylia,,Crocodylidae,Crocodylus,Crocodylus niloticus,,SPECIES,"Crocodylus niloticus Laurenti, 1768",Crocodylus niloticus,,ZA,Komatipoort,Mpumalanga,PRESENT,,c5f7ef70-e233-11d9-a4d6-b8a03c50a862,-25.43333,31.95,9.15,"Cooirdinates match, extent half distance to nearest named place (Marloth Park)",75,,,,,09/06/1911 00:00,9,6,1911,2441341,2441341,PRESERVED_SPECIMEN,TM,Herpetology Collection,1274,,,,CC_BY_4_0,,,,,25/11/2022 08:45,,GEODETIC_DATUM_ASSUMED_WGS84;INSTITUTION_MATCH_FUZZY;INSTITUTION_COLLECTION_MISMATCH,,,,,,,,,,,,,,,,,,,,,,,,,,,,,,,,,,,,,,
1300099697,9a9dcc47-fdca-4881-998a-9596dcedff6a,urn:catalog:TM:Herpetology Collection:1271,Animalia,Chordata,Crocodylia,,Crocodylidae,Crocodylus,Crocodylus niloticus,,SPECIES,"Crocodylus niloticus Laurenti, 1768",Crocodylus niloticus,,ZA,Komatipoort,Mpumalanga,PRESENT,,c5f7ef70-e233-11d9-a4d6-b8a03c50a862,-25.43333,31.95,9.15,"Cooirdinates match, extent half distance to nearest named place (Marloth Park)",75,,,,,06/06/1911 00:00,6,6,1911,2441341,2441341,PRESERVED_SPECIMEN,TM,Herpetology Collection,1271,,,,CC_BY_4_0,,,,,25/11/2022 08:45,,GEODETIC_DATUM_ASSUMED_WGS84;INSTITUTION_MATCH_FUZZY;INSTITUTION_COLLECTION_MISMATCH,,,,,,,,,,,,,,,,,,,,,,,,,,,,,,,,,,,,,,
1090968715,217b0d4f-c87e-4063-b6c5-78277e40e866,http://coldb.mnhn.fr/catalognumber/mnhn/ra/1992.5806,Animalia,Chordata,Crocodylia,,Crocodylidae,Crocodylus,Crocodylus niloticus,,SPECIES,"Crocodylus niloticus Laurenti, 1768","Crocodylus niloticus Laurenti, 1768","Laurenti, 1768",MR,Matmata,,PRESENT,,2cd829bb-b713-433d-99cf-64bef11e5b3e,18.15774468,-11.20489339,25.11,Extent half distance to nearest named place (Tidjikja),75,,,,,05/08/1993 00:00,5,8,1993,2441341,2441341,PRESERVED_SPECIMEN,MNHN,RA,1992.5806,,Catalogue,,CC_BY_4_0,,"Robin, S.",,,14/12/2022 12:26,,INSTITUTION_MATCH_FUZZY,,,,,,,,,,,,,,,,,,,,,,,,,,,,,,,,,,,,,,
1063859413,9ffdd244-3e59-40a8-b064-cfdd84d40231,http://coldb.mnhn.fr/catalognumber/mnhn/za/ac-1902-712,Animalia,Chordata,Crocodylia,,Crocodylidae,Crocodylus,Crocodylus niloticus,,SPECIES,"Crocodylus niloticus Laurenti, 1768","Crocodylus niloticus Laurenti, 1768","Laurenti, 1768",ML,,,PRESENT,,2cd829bb-b713-433d-99cf-64bef11e5b3e,17.83898793,1.536391316,1192.38,,100,,,,,01/01/1902 00:00,,,1902,2441341,2441341,PRESERVED_SPECIMEN,MNHN,ZA,AC-1902-712,,,,CC_BY_4_0,,"Bourg de Bozas (du), Pierre-Marie-Robert",,,14/12/2022 12:10,,INSTITUTION_MATCH_FUZZY,,,,,,,,,,,,,,,,,,,,,,,,,,,,,,,,,,,,,,
1039486704,861d3d64-f762-11e1-a439-00145eb45e9a,urn:uuid:fbe3d02c-0c46-4472-a1c6-154e133d5cd3,Animalia,Chordata,Crocodylia,,Crocodylidae,Crocodylus,Crocodylus niloticus,,SPECIES,"Crocodylus niloticus Laurenti, 1768",Crocodylus niloticus,"Laurenti, 1768",CM,Bombe,,PRESENT,1,2e167bb0-4441-11db-9ba2-b8a03c50a862,4.44024,9.463196,3.04,"Cooirdinates match, extent matches ",100,,,,,20/05/1973 00:00,20,5,1973,2441341,2441341,PRESERVED_SPECIMEN,YPM,VZ,YPM HERR 008723,,,,CC0_1_0,Yale Peabody Museum,Charles D. Miller,,,18/12/2022 03:26,,OCCURRENCE_STATUS_INFERRED_FROM_INDIVIDUAL_COUNT;INSTITUTION_MATCH_FUZZY,,,,,,,,,,,,,,,,,,,,,,,,,,,,,,,,,,,,,,
1039485670,861d3d64-f762-11e1-a439-00145eb45e9a,urn:uuid:f0995c53-d8bd-4b1e-9f67-6870ea8e67e3,Animalia,Chordata,Crocodylia,,Crocodylidae,Crocodylus,Crocodylus niloticus,,SPECIES,"Crocodylus niloticus Laurenti, 1768",Crocodylus niloticus,"Laurenti, 1768",CM,,,PRESENT,1,2e167bb0-4441-11db-9ba2-b8a03c50a862,4.5333,9.0667,1097.28,"Cooirdinates match Cameroon, measured extent by measuring furtherst reach of country ",100,,,,,08/01/1972 00:00,8,1,1972,2441341,2441341,PRESERVED_SPECIMEN,YPM,VZ,YPM HERR 008724,,,,CC0_1_0,Yale Peabody Museum,Charles D. Miller,,,18/12/2022 03:27,,GEODETIC_DATUM_ASSUMED_WGS84;OCCURRENCE_STATUS_INFERRED_FROM_INDIVIDUAL_COUNT;INSTITUTION_MATCH_FUZZY,,,,,,,,,,,,,,,,,,,,,,,,,,,,,,,,,,,,,,
1039476668,861d3d64-f762-11e1-a439-00145eb45e9a,urn:uuid:adfd49d6-ee70-47d5-8e92-3de2f3bd1b2f,Animalia,Chordata,Crocodylia,,Crocodylidae,Crocodylus,Crocodylus niloticus,,SPECIES,"Crocodylus niloticus Laurenti, 1768",Crocodylus niloticus,"Laurenti, 1768",CM,Bombe,,PRESENT,1,2e167bb0-4441-11db-9ba2-b8a03c50a862,4.44024,9.463196,3.04,"Cooirdinates match, extent matches ",100,,,,,04/03/1973 00:00,4,3,1973,2441341,2441341,PRESERVED_SPECIMEN,YPM,VZ,YPM HERR 008719,,,,CC0_1_0,Yale Peabody Museum,Charles D. Miller,,,18/12/2022 03:26,,OCCURRENCE_STATUS_INFERRED_FROM_INDIVIDUAL_COUNT;INSTITUTION_MATCH_FUZZY,,,,,,,,,,,,,,,,,,,,,,,,,,,,,,,,,,,,,,
1039470291,861d3d64-f762-11e1-a439-00145eb45e9a,urn:uuid:7f093647-0610-440e-a70a-4b8a72a4cbc2,Animalia,Chordata,Crocodylia,,Crocodylidae,Crocodylus,Crocodylus niloticus,,SPECIES,"Crocodylus niloticus Laurenti, 1768",Crocodylus niloticus,"Laurenti, 1768",CM,Bombe,,PRESENT,1,2e167bb0-4441-11db-9ba2-b8a03c50a862,4.44024,9.463196,3.04,"Cooirdinates match, extent matches ",100,,,,,16/05/1973 00:00,16,5,1973,2441341,2441341,PRESERVED_SPECIMEN,YPM,VZ,YPM HERR 008725,,,,CC0_1_0,Yale Peabody Museum,Charles D. Miller,,,18/12/2022 03:27,,OCCURRENCE_STATUS_INFERRED_FROM_INDIVIDUAL_COUNT;INSTITUTION_MATCH_FUZZY,,,,,,,,,,,,,,,,,,,,,,,,,,,,,,,,,,,,,,
1039468680,861d3d64-f762-11e1-a439-00145eb45e9a,urn:uuid:77185274-a8af-49d5-81cf-d4a5d7c387a0,Animalia,Chordata,Crocodylia,,Crocodylidae,Crocodylus,Crocodylus niloticus,,SPECIES,"Crocodylus niloticus Laurenti, 1768",Crocodylus niloticus,"Laurenti, 1768",BJ,Bodji,,PRESENT,1,2e167bb0-4441-11db-9ba2-b8a03c50a862,9.284235,2.240618,420636.00,Coordinates don’t match,,,,,,13/07/1968 00:00,13,7,1968,2441341,2441341,PRESERVED_SPECIMEN,YPM,VZ,YPM HERR 008198,,,,CC0_1_0,Yale Peabody Museum,Charles D. Miller,,,18/12/2022 03:26,,OCCURRENCE_STATUS_INFERRED_FROM_INDIVIDUAL_COUNT;INSTITUTION_MATCH_FUZZY,,,,,,,,,,,,,,,,,,,,,,,,,,,,,,,,,,,,,,
1039458437,861d3d64-f762-11e1-a439-00145eb45e9a,urn:uuid:2628d377-2371-420c-b6ff-8453027bc996,Animalia,Chordata,Crocodylia,,Crocodylidae,Crocodylus,Crocodylus niloticus,,SPECIES,"Crocodylus niloticus Laurenti, 1768",Crocodylus niloticus,"Laurenti, 1768",ZM,,,PRESENT,1,2e167bb0-4441-11db-9ba2-b8a03c50a862,-12.483333,27.9,16.17,Coordinates match but extent too small ,25,,,,,25/08/1929 00:00,25,8,1929,2441341,2441341,PRESERVED_SPECIMEN,YPM,VZ,YPM HERR 012893,,Gregory J. Watkins-Colwell,01/01/2005 00:00,CC0_1_0,Yale Peabody Museum,Donald H. Selchow,,,18/12/2022 03:26,,OCCURRENCE_STATUS_INFERRED_FROM_INDIVIDUAL_COUNT;INSTITUTION_MATCH_FUZZY,,,,,,,,,,,,,,,,,,,,,,,,,,,,,,,,,,,,,,
1039455506,861d3d64-f762-11e1-a439-00145eb45e9a,urn:uuid:129b5094-4857-4de9-9447-cb8802911c13,Animalia,Chordata,Crocodylia,,Crocodylidae,Crocodylus,Crocodylus niloticus,,SPECIES,"Crocodylus niloticus Laurenti, 1768",Crocodylus niloticus,"Laurenti, 1768",CM,,,PRESENT,1,2e167bb0-4441-11db-9ba2-b8a03c50a862,4.5991,9.4922,3.04,Coordinates match but extent too small ,25,,,,,09/09/1973 00:00,9,9,1973,2441341,2441341,PRESERVED_SPECIMEN,YPM,VZ,YPM HERR 008721,,,,CC0_1_0,Yale Peabody Museum,Charles D. Miller,,,18/12/2022 03:26,,OCCURRENCE_STATUS_INFERRED_FROM_INDIVIDUAL_COUNT;INSTITUTION_MATCH_FUZZY,,,,,,,,,,,,,,,,,,,,,,,,,,,,,,,,,,,,,,
1039454848,861d3d64-f762-11e1-a439-00145eb45e9a,urn:uuid:0dc00f29-82df-4cc8-a5a4-476224ec1896,Animalia,Chordata,Crocodylia,,Crocodylidae,Crocodylus,Crocodylus niloticus,,SPECIES,"Crocodylus niloticus Laurenti, 1768",Crocodylus niloticus,"Laurenti, 1768",CM,,,PRESENT,1,2e167bb0-4441-11db-9ba2-b8a03c50a862,4.5333,9.0667,1083.34,Coordinates match ,100,,,,,21/06/1973 00:00,21,6,1973,2441341,2441341,PRESERVED_SPECIMEN,YPM,VZ,YPM HERR 008726,,,,CC0_1_0,Yale Peabody Museum,Charles D. Miller,,,18/12/2022 03:26,,GEODETIC_DATUM_ASSUMED_WGS84;OCCURRENCE_STATUS_INFERRED_FROM_INDIVIDUAL_COUNT;INSTITUTION_MATCH_FUZZY,,,,,,,,,,,,,,,,,,,,,,,,,,,,,,,,,,,,,,
1039454523,861d3d64-f762-11e1-a439-00145eb45e9a,urn:uuid:0b2a1977-c3f5-4b4d-af7e-f45f73440a3a,Animalia,Chordata,Crocodylia,,Crocodylidae,Crocodylus,Crocodylus niloticus,,SPECIES,"Crocodylus niloticus Laurenti, 1768",Crocodylus niloticus,"Laurenti, 1768",CM,Ikiliwindi,,PRESENT,1,2e167bb0-4441-11db-9ba2-b8a03c50a862,4.7317,9.4881,3036.00,"Cooirdinates match, extent mostly matches, is off by about 0.2km ",50,,,,,15/03/1972 00:00,15,3,1972,2441341,2441341,PRESERVED_SPECIMEN,YPM,VZ,YPM HERR 008728,,,,CC0_1_0,Yale Peabody Museum,Charles D. Miller,,,18/12/2022 03:27,,OCCURRENCE_STATUS_INFERRED_FROM_INDIVIDUAL_COUNT;INSTITUTION_MATCH_FUZZY,,,,,,,,,,,,,,,,,,,,,,,,,,,,,,,,,,,,,,
1019673111,217b0d4f-c87e-4063-b6c5-78277e40e866,http://coldb.mnhn.fr/catalognumber/mnhn/ra/1996.8280,Animalia,Chordata,Crocodylia,,Crocodylidae,Crocodylus,Crocodylus niloticus,,SPECIES,"Crocodylus niloticus Laurenti, 1768","Crocodylus niloticus Laurenti, 1768","Laurenti, 1768",CF,région de Bangui,,PRESENT,,2cd829bb-b713-433d-99cf-64bef11e5b3e,4.396018275,18.55590729,9.97,,100,,,,,01/03/1997 00:00,1,3,1997,2441341,2441341,PRESERVED_SPECIMEN,MNHN,RA,1996.8280,,Catalogue,,CC_BY_4_0,,,,,14/12/2022 12:26,StillImage,INSTITUTION_MATCH_FUZZY,,,,,,,,,,,,,,,,,,,,,,,,,,,,,,,,,,,,,,
1019655172,217b0d4f-c87e-4063-b6c5-78277e40e866,http://coldb.mnhn.fr/catalognumber/mnhn/ra/1886.182,Animalia,Chordata,Crocodylia,,Crocodylidae,Crocodylus,Crocodylus niloticus,,SPECIES,"Crocodylus niloticus Laurenti, 1768","Crocodylus niloticus Laurenti, 1768","Laurenti, 1768",CD,Nganchou,,PRESENT,,2cd829bb-b713-433d-99cf-64bef11e5b3e,-2.693087594,23.679519,1356.27,Precise locaility unclear so used country ,100,,,,,###############################################################################################################################################################################################################################################################,19,7,1886,2441341,2441341,PRESERVED_SPECIMEN,MNHN,RA,1886.182,,Fiche carton,,CC_BY_4_0,,,,,14/12/2022 12:26,,INSTITUTION_MATCH_FUZZY,,,,,,,,,,,,,,,,,,,,,,,,,,,,,,,,,,,,,,
1019654842,217b0d4f-c87e-4063-b6c5-78277e40e866,http://coldb.mnhn.fr/catalognumber/mnhn/ra/1885.408,Animalia,Chordata,Crocodylia,,Crocodylidae,Crocodylus,Crocodylus niloticus,,SPECIES,"Crocodylus niloticus Laurenti, 1768","Crocodylus niloticus Laurenti, 1768","Laurenti, 1768",CI,Assinie,,PRESENT,,2cd829bb-b713-433d-99cf-64bef11e5b3e,5.137768068,-3.310339786,4.41,Mid point eyeballed,75,,,,,###############################################################################################################################################################################################################################################################,13,5,1885,2441341,2441341,PRESERVED_SPECIMEN,MNHN,RA,1885.408,,Catalogue,,CC_BY_4_0,,,,,14/12/2022 12:26,,INSTITUTION_MATCH_FUZZY,,,,,,,,,,,,,,,,,,,,,,,,,,,,,,,,,,,,,,
1019654831,217b0d4f-c87e-4063-b6c5-78277e40e866,http://coldb.mnhn.fr/catalognumber/mnhn/ra/1885.418,Animalia,Chordata,Crocodylia,,Crocodylidae,Crocodylus,Crocodylus niloticus,,SPECIES,"Crocodylus niloticus Laurenti, 1768","Crocodylus niloticus Laurenti, 1768","Laurenti, 1768",ZZ,Kondoa,,PRESENT,,2cd829bb-b713-433d-99cf-64bef11e5b3e,-16.66500768,31.87381564,506.14,Precise locaility unclear so used country ,100,,,,,###############################################################################################################################################################################################################################################################,28,5,1885,2441341,2441341,PRESERVED_SPECIMEN,MNHN,RA,1885.418,,Catalogue,,CC_BY_4_0,,,,,14/12/2022 12:26,,INSTITUTION_MATCH_FUZZY,,,,,,,,,,,,,,,,,,,,,,,,,,,,,,,,,,,,,,
1019654820,217b0d4f-c87e-4063-b6c5-78277e40e866,http://coldb.mnhn.fr/catalognumber/mnhn/ra/1885.407,Animalia,Chordata,Crocodylia,,Crocodylidae,Crocodylus,Crocodylus niloticus,,SPECIES,"Crocodylus niloticus Laurenti, 1768","Crocodylus niloticus Laurenti, 1768","Laurenti, 1768",CI,Assinie,,PRESENT,,2cd829bb-b713-433d-99cf-64bef11e5b3e,5.137768068,-3.310339786,4.41,Mid point eyeballed,75,,,,,###############################################################################################################################################################################################################################################################,13,5,1885,2441341,2441341,PRESERVED_SPECIMEN,MNHN,RA,1885.407,,Catalogue,,CC_BY_4_0,,,,,14/12/2022 12:26,,INSTITUTION_MATCH_FUZZY,,,,,,,,,,,,,,,,,,,,,,,,,,,,,,,,,,,,,,
1019654656,217b0d4f-c87e-4063-b6c5-78277e40e866,http://coldb.mnhn.fr/catalognumber/mnhn/ra/1885.406,Animalia,Chordata,Crocodylia,,Crocodylidae,Crocodylus,Crocodylus niloticus,,SPECIES,"Crocodylus niloticus Laurenti, 1768","Crocodylus niloticus Laurenti, 1768","Laurenti, 1768",CI,Assinie,,PRESENT,,2cd829bb-b713-433d-99cf-64bef11e5b3e,5.137768068,-3.310339786,4.41,Mid point eyeballed,75,,,,,###############################################################################################################################################################################################################################################################,13,5,1885,2441341,2441341,PRESERVED_SPECIMEN,MNHN,RA,1885.406,,Catalogue,,CC_BY_4_0,,,,,14/12/2022 12:26,,INSTITUTION_MATCH_FUZZY,,,,,,,,,,,,,,,,,,,,,,,,,,,,,,,,,,,,,,
858395864,71d58564-f762-11e1-a439-00145eb45e9a,MCNB:MCNB-Cord:MZB 2002-0084,Animalia,Chordata,Crocodylia,,Crocodylidae,Crocodylus,Crocodylus niloticus,,SPECIES,"Crocodylus niloticus Laurenti, 1768",Crocodylus niloticus,,TZ,Ugalla River,Tabora,PRESENT,1,e8eada63-4a33-44aa-b2fd-4f71efb222a0,-5.792721453,31.25915718,138.20,,75,,,,,01/08/1995 00:00,,8,1995,2441341,2441341,PRESERVED_SPECIMEN,MCNB,MCNB-Cord,MZB 2002-0084,,,,CC_BY_4_0,,"Basi i Sabi, Armand",,,24/11/2022 23:42,,COORDINATE_INVALID;OCCURRENCE_STATUS_INFERRED_FROM_INDIVIDUAL_COUNT;COLLECTION_MATCH_NONE;INSTITUTION_MATCH_FUZZY,,,,,,,,,,,,,,,,,,,,,,,,,,,,,,,,,,,,,,
668691488,e48d6c49-34a3-4df6-8206-121c061f190d,df8b2e78-bb7e-46ed-a20a-d84e437158e4,Animalia,Chordata,Crocodylia,,Crocodylidae,Crocodylus,Crocodylus niloticus,,SPECIES,"Crocodylus niloticus Laurenti, 1768",Crocodylus niloticus,,ZA,,Transvaal,PRESENT,,7b8aff00-a9f8-11d8-944b-b8a03c50a862,-30.63853346,24.59440832,1137.68,Locality unclear so used country ,100,,,,,01/06/1930 00:00,,6,1930,2441341,2441341,PRESERVED_SPECIMEN,FMNH,Amphibians and Reptiles,17155,,,,CC0_1_0,The Field Museum of Natural History,H. Lang,,,25/11/2022 11:13,,COLLECTION_MATCH_FUZZY,,,,,,,,,,,,,,,,,,,,,,,,,,,,,,,,,,,,,,
668622139,e48d6c49-34a3-4df6-8206-121c061f190d,a32191c5-d5d9-4a3d-8569-627dbea1f31a,Animalia,Chordata,Crocodylia,,Crocodylidae,Crocodylus,Crocodylus niloticus,,SPECIES,"Crocodylus niloticus Laurenti, 1768",Crocodylus niloticus,,SD,,Berber,PRESENT,,7b8aff00-a9f8-11d8-944b-b8a03c50a862,18.02525567,33.99285651,2.90,,100,,,,,10/03/1948 00:00,10,3,1948,2441341,2441341,PRESERVED_SPECIMEN,FMNH,Amphibians and Reptiles,58719,,,,CC0_1_0,The Field Museum of Natural History,H. Field,,,25/11/2022 11:13,,COLLECTION_MATCH_FUZZY,,,,,,,,,,,,,,,,,,,,,,,,,,,,,,,,,,,,,,
668621743,e48d6c49-34a3-4df6-8206-121c061f190d,79cf72ef-c092-4fb4-8ac2-59d70243307a,Animalia,Chordata,Crocodylia,,Crocodylidae,Crocodylus,Crocodylus niloticus,,SPECIES,"Crocodylus niloticus Laurenti, 1768",Crocodylus niloticus,,SD,,Equatoria,PRESENT,,7b8aff00-a9f8-11d8-944b-b8a03c50a862,7.523611218,30.19847048,618.41,Precise locality unclear so used South Sudan,100,,,,,10/05/1948 00:00,10,5,1948,2441341,2441341,PRESERVED_SPECIMEN,FMNH,Amphibians and Reptiles,58309,,,,CC0_1_0,The Field Museum of Natural History,R. Alison,,,25/11/2022 11:13,,COLLECTION_MATCH_FUZZY,,,,,,,,,,,,,,,,,,,,,,,,,,,,,,,,,,,,,,
668621742,e48d6c49-34a3-4df6-8206-121c061f190d,12bd14dc-0796-4b23-87b8-d3c0d59e6529,Animalia,Chordata,Crocodylia,,Crocodylidae,Crocodylus,Crocodylus niloticus,,SPECIES,"Crocodylus niloticus Laurenti, 1768",Crocodylus niloticus,,SD,,Equatoria,PRESENT,,7b8aff00-a9f8-11d8-944b-b8a03c50a862,7.523611218,30.19847048,618.41,Precise locality unclear so used South Sudan,100,,,,,10/05/1948 00:00,10,5,1948,2441341,2441341,PRESERVED_SPECIMEN,FMNH,Amphibians and Reptiles,58308,,,,CC0_1_0,The Field Museum of Natural History,R. Alison,,,25/11/2022 11:13,,COLLECTION_MATCH_FUZZY,,,,,,,,,,,,,,,,,,,,,,,,,,,,,,,,,,,,,,
668612283,e48d6c49-34a3-4df6-8206-121c061f190d,cbe26f68-5f42-451f-ae5b-27ef7eaf8d43,Animalia,Chordata,Crocodylia,,Crocodylidae,Crocodylus,Crocodylus niloticus,,SPECIES,"Crocodylus niloticus Laurenti, 1768",Crocodylus niloticus,,SD,,,PRESENT,,7b8aff00-a9f8-11d8-944b-b8a03c50a862,7.523611218,30.19847048,618.41,Precise locality unclear so used South Sudan,100,,,,,06/12/1946 00:00,6,12,1946,2441341,2441341,PRESERVED_SPECIMEN,FMNH,Amphibians and Reptiles,48405,,,,CC0_1_0,The Field Museum of Natural History,A. B. Anderson,,,25/11/2022 11:13,,COLLECTION_MATCH_FUZZY,,,,,,,,,,,,,,,,,,,,,,,,,,,,,,,,,,,,,,
668608035,e48d6c49-34a3-4df6-8206-121c061f190d,8e98d320-13cb-4854-870e-1e4168466121,Animalia,Chordata,Crocodylia,,Crocodylidae,Crocodylus,Crocodylus niloticus,,SPECIES,"Crocodylus niloticus Laurenti, 1768",Crocodylus niloticus,,SD,,,PRESENT,,7b8aff00-a9f8-11d8-944b-b8a03c50a862,7.523611218,30.19847048,618.41,Precise locality unclear so used South Sudan,100,,,,,01/10/1945 00:00,,10,1945,2441341,2441341,PRESERVED_SPECIMEN,FMNH,Amphibians and Reptiles,43433,,,,CC0_1_0,The Field Museum of Natural History,A. B. Anderson,,,25/11/2022 11:13,,COLLECTION_MATCH_FUZZY,,,,,,,,,,,,,,,,,,,,,,,,,,,,,,,,,,,,,,
668587073,e48d6c49-34a3-4df6-8206-121c061f190d,91ac90fa-38e8-42a9-830a-2d940c960a95,Animalia,Chordata,Crocodylia,,Crocodylidae,Crocodylus,Crocodylus niloticus,,SPECIES,"Crocodylus niloticus Laurenti, 1768",Crocodylus niloticus,,SN,,,PRESENT,,7b8aff00-a9f8-11d8-944b-b8a03c50a862,14.24426888,-14.23639399,324.34,,100,,,,,23/05/1934 00:00,23,5,1934,2441341,2441341,PRESERVED_SPECIMEN,FMNH,Amphibians and Reptiles,20829,,,,CC0_1_0,The Field Museum of Natural History,F. C. Wonder,,,25/11/2022 11:13,,COLLECTION_MATCH_FUZZY,,,,,,,,,,,,,,,,,,,,,,,,,,,,,,,,,,,,,,
668587060,e48d6c49-34a3-4df6-8206-121c061f190d,5e24626c-7159-4f50-b9d6-4f91895c952e,Animalia,Chordata,Crocodylia,,Crocodylidae,Crocodylus,Crocodylus niloticus,,SPECIES,"Crocodylus niloticus Laurenti, 1768",Crocodylus niloticus,,SN,,,PRESENT,,7b8aff00-a9f8-11d8-944b-b8a03c50a862,14.24426888,-14.23639399,324.34,,100,,,,,28/05/1934 00:00,28,5,1934,2441341,2441341,PRESERVED_SPECIMEN,FMNH,Amphibians and Reptiles,20815,,,,CC0_1_0,The Field Museum of Natural History,F. C. Wonder,,,25/11/2022 11:13,,COLLECTION_MATCH_FUZZY,,,,,,,,,,,,,,,,,,,,,,,,,,,,,,,,,,,,,,
668587045,e48d6c49-34a3-4df6-8206-121c061f190d,d212439b-8957-454b-8abf-3764da121e2d,Animalia,Chordata,Crocodylia,,Crocodylidae,Crocodylus,Crocodylus niloticus,,SPECIES,"Crocodylus niloticus Laurenti, 1768",Crocodylus niloticus,,ML,,,PRESENT,,7b8aff00-a9f8-11d8-944b-b8a03c50a862,17.79096688,-1.665192823,1161.40,,100,,,,,13/04/1934 00:00,13,4,1934,2441341,2441341,PRESERVED_SPECIMEN,FMNH,Amphibians and Reptiles,20799,,,,CC0_1_0,The Field Museum of Natural History,F. C. Wonder,,,25/11/2022 11:13,,COLLECTION_MATCH_FUZZY,,,,,,,,,,,,,,,,,,,,,,,,,,,,,,,,,,,,,,
668587044,e48d6c49-34a3-4df6-8206-121c061f190d,d1dfdf45-1a5c-40e5-91b6-374d2d57a35a,Animalia,Chordata,Crocodylia,,Crocodylidae,Crocodylus,Crocodylus niloticus,,SPECIES,"Crocodylus niloticus Laurenti, 1768",Crocodylus niloticus,,SN,,,PRESENT,,7b8aff00-a9f8-11d8-944b-b8a03c50a862,14.24426888,-14.23639399,324.34,,100,,,,,19/05/1934 00:00,19,5,1934,2441341,2441341,PRESERVED_SPECIMEN,FMNH,Amphibians and Reptiles,20798,,,,CC0_1_0,The Field Museum of Natural History,F. C. Wonder,,,25/11/2022 11:13,,COLLECTION_MATCH_FUZZY,,,,,,,,,,,,,,,,,,,,,,,,,,,,,,,,,,,,,,
668585639,e48d6c49-34a3-4df6-8206-121c061f190d,c3e7ccf1-b2e1-4470-a4f3-dfcbaa51515b,Animalia,Chordata,Crocodylia,,Crocodylidae,Crocodylus,Crocodylus niloticus,,SPECIES,"Crocodylus niloticus Laurenti, 1768",Crocodylus niloticus,,ML,,,PRESENT,,7b8aff00-a9f8-11d8-944b-b8a03c50a862,17.79096688,-1.665192823,1161.40,,100,,,,,10/05/1934 00:00,10,5,1934,2441341,2441341,PRESERVED_SPECIMEN,FMNH,Amphibians and Reptiles,19320,,,,CC0_1_0,The Field Museum of Natural History,F. C. Wonder,,,25/11/2022 11:13,,COLLECTION_MATCH_FUZZY,,,,,,,,,,,,,,,,,,,,,,,,,,,,,,,,,,,,,,
668583717,e48d6c49-34a3-4df6-8206-121c061f190d,5a75d4d9-384a-488d-9115-b35e53418fca,Animalia,Chordata,Crocodylia,,Crocodylidae,Crocodylus,Crocodylus niloticus,,SPECIES,"Crocodylus niloticus Laurenti, 1768",Crocodylus niloticus,,BW,,,PRESENT,,7b8aff00-a9f8-11d8-944b-b8a03c50a862,-22.2566286,23.78201596,605.74,,100,,,,,01/06/1930 00:00,,6,1930,2441341,2441341,PRESERVED_SPECIMEN,FMNH,Amphibians and Reptiles,17156,,,,CC0_1_0,The Field Museum of Natural History,H. Lang,,,25/11/2022 11:13,,COLLECTION_MATCH_FUZZY,,,,,,,,,,,,,,,,,,,,,,,,,,,,,,,,,,,,,,
668583716,e48d6c49-34a3-4df6-8206-121c061f190d,91fd7ebd-9148-4d6a-85e1-405db8a9869a,Animalia,Chordata,Crocodylia,,Crocodylidae,Crocodylus,Crocodylus niloticus,,SPECIES,"Crocodylus niloticus Laurenti, 1768",Crocodylus niloticus,,BW,,,PRESENT,,7b8aff00-a9f8-11d8-944b-b8a03c50a862,-22.2566286,23.78201596,605.74,,100,,,,,01/06/1930 00:00,,6,1930,2441341,2441341,PRESERVED_SPECIMEN,FMNH,Amphibians and Reptiles,17154,,,,CC0_1_0,The Field Museum of Natural History,H. Lang,,,25/11/2022 11:13,,COLLECTION_MATCH_FUZZY,,,,,,,,,,,,,,,,,,,,,,,,,,,,,,,,,,,,,,
668564551,e48d6c49-34a3-4df6-8206-121c061f190d,675b6130-63d6-4f61-bb01-39a0271983d2,Animalia,Chordata,Crocodylia,,Crocodylidae,Crocodylus,Crocodylus niloticus,,SPECIES,"Crocodylus niloticus Laurenti, 1768",Crocodylus niloticus,,ZM,,,PRESENT,,7b8aff00-a9f8-11d8-944b-b8a03c50a862,-16.66500768,31.87381564,506.14,,100,,,,,01/01/1968 00:00,,,1968,2441341,2441341,PRESERVED_SPECIMEN,FMNH,Amphibians and Reptiles,274745,,Alan R. Resetar,01/01/2016 00:00,CC0_1_0,The Field Museum of Natural History,E. H. Bachrach,,,25/11/2022 11:13,,COLLECTION_MATCH_FUZZY,,,,,,,,,,,,,,,,,,,,,,,,,,,,,,,,,,,,,,
668520235,e48d6c49-34a3-4df6-8206-121c061f190d,5fb82b0c-9f7d-4c65-9865-b50fc5d5a25a,Animalia,Chordata,Crocodylia,,Crocodylidae,Crocodylus,Crocodylus niloticus,,SPECIES,"Crocodylus niloticus Laurenti, 1768",Crocodylus niloticus,,ZM,,,PRESENT,,7b8aff00-a9f8-11d8-944b-b8a03c50a862,-16.66500768,31.87381564,506.14,,100,,,,,01/01/1969 00:00,,,1969,2441341,2441341,PRESERVED_SPECIMEN,FMNH,Amphibians and Reptiles,217154,,,,CC0_1_0,The Field Museum of Natural History,D. J. Stewart,,,25/11/2022 11:13,,COLLECTION_MATCH_FUZZY,,,,,,,,,,,,,,,,,,,,,,,,,,,,,,,,,,,,,,
668520234,e48d6c49-34a3-4df6-8206-121c061f190d,d48deac6-09b2-4731-a7b6-89261646821a,Animalia,Chordata,Crocodylia,,Crocodylidae,Crocodylus,Crocodylus niloticus,,SPECIES,"Crocodylus niloticus Laurenti, 1768",Crocodylus niloticus,,ZM,,,PRESENT,,7b8aff00-a9f8-11d8-944b-b8a03c50a862,-16.66500768,31.87381564,506.14,,100,,,,,01/01/1969 00:00,,,1969,2441341,2441341,PRESERVED_SPECIMEN,FMNH,Amphibians and Reptiles,217153,,,,CC0_1_0,The Field Museum of Natural History,D. J. Stewart,,,25/11/2022 11:13,,COLLECTION_MATCH_FUZZY,,,,,,,,,,,,,,,,,,,,,,,,,,,,,,,,,,,,,,
668506644,e48d6c49-34a3-4df6-8206-121c061f190d,c2223c24-cc0b-41db-b5e4-f7ba3814788e,Animalia,Chordata,Crocodylia,,Crocodylidae,Crocodylus,Crocodylus niloticus,,SPECIES,"Crocodylus niloticus Laurenti, 1768",Crocodylus niloticus,,CD,,,PRESENT,,7b8aff00-a9f8-11d8-944b-b8a03c50a862,-2.693087594,23.679519,1356.27,Precise locaility unclear so used country ,100,,,,,01/01/1971 00:00,,1,1971,2441341,2441341,PRESERVED_SPECIMEN,FMNH,Amphibians and Reptiles,196372,,,,CC0_1_0,The Field Museum of Natural History,J. F. Ziola,,,25/11/2022 11:13,,COLLECTION_MATCH_FUZZY,,,,,,,,,,,,,,,,,,,,,,,,,,,,,,,,,,,,,,
668501268,e48d6c49-34a3-4df6-8206-121c061f190d,61d19377-6b8c-42ae-81b8-c7bcf0add246,Animalia,Chordata,Crocodylia,,Crocodylidae,Crocodylus,Crocodylus niloticus,,SPECIES,"Crocodylus niloticus Laurenti, 1768",Crocodylus niloticus,,CM,,Southwestern Prov,PRESENT,,7b8aff00-a9f8-11d8-944b-b8a03c50a862,5.021437498,9.277354122,169.51,Mid point eyeballed,75,,,,,02/12/1971 00:00,2,12,1971,2441341,2441341,PRESERVED_SPECIMEN,FMNH,Amphibians and Reptiles,190829,,,,CC0_1_0,The Field Museum of Natural History,V. N. Ngam,,,25/11/2022 11:13,,COLLECTION_MATCH_FUZZY,,,,,,,,,,,,,,,,,,,,,,,,,,,,,,,,,,,,,,
668501267,e48d6c49-34a3-4df6-8206-121c061f190d,c225a94f-eee7-4f53-be39-babf9d8f738e,Animalia,Chordata,Crocodylia,,Crocodylidae,Crocodylus,Crocodylus niloticus,,SPECIES,"Crocodylus niloticus Laurenti, 1768",Crocodylus niloticus,,CM,,Southwestern Prov,PRESENT,,7b8aff00-a9f8-11d8-944b-b8a03c50a862,5.021437498,9.277354122,169.51,Mid point eyeballed,75,,,,,02/12/1971 00:00,2,12,1971,2441341,2441341,PRESERVED_SPECIMEN,FMNH,Amphibians and Reptiles,190828,,,,CC0_1_0,The Field Museum of Natural History,V. N. Ngam,,,25/11/2022 11:13,,COLLECTION_MATCH_FUZZY,,,,,,,,,,,,,,,,,,,,,,,,,,,,,,,,,,,,,,
668501266,e48d6c49-34a3-4df6-8206-121c061f190d,64835632-bcb8-477d-8ccc-154086ac2bbf,Animalia,Chordata,Crocodylia,,Crocodylidae,Crocodylus,Crocodylus niloticus,,SPECIES,"Crocodylus niloticus Laurenti, 1768",Crocodylus niloticus,,CM,,Southwestern Prov,PRESENT,,7b8aff00-a9f8-11d8-944b-b8a03c50a862,5.021437498,9.277354122,169.51,Mid point eyeballed,75,,,,,14/11/1971 00:00,14,11,1971,2441341,2441341,PRESERVED_SPECIMEN,FMNH,Amphibians and Reptiles,190827,,,,CC0_1_0,The Field Museum of Natural History,V. N. Ngam,,,25/11/2022 11:13,,COLLECTION_MATCH_FUZZY,,,,,,,,,,,,,,,,,,,,,,,,,,,,,,,,,,,,,,
668452773,e48d6c49-34a3-4df6-8206-121c061f190d,b380a567-5bfa-47af-be88-1b2512d912f1,Animalia,Chordata,Crocodylia,,Crocodylidae,Crocodylus,Crocodylus niloticus,,SPECIES,"Crocodylus niloticus Laurenti, 1768",Crocodylus niloticus,,ZW,,Barotseland,PRESENT,,7b8aff00-a9f8-11d8-944b-b8a03c50a862,-13.45343129,27.80961838,714.01,Precise locaility unclear so used country ,100,,,,,23/01/1962 00:00,23,1,1962,2441341,2441341,PRESERVED_SPECIMEN,FMNH,Amphibians and Reptiles,134283,,,,CC0_1_0,The Field Museum of Natural History,R. G. Japp,,,25/11/2022 11:13,,COLLECTION_MATCH_FUZZY,,,,,,,,,,,,,,,,,,,,,,,,,,,,,,,,,,,,,,
668452772,e48d6c49-34a3-4df6-8206-121c061f190d,ab1ada8f-87f9-4570-ad1b-856fb85b3a21,Animalia,Chordata,Crocodylia,,Crocodylidae,Crocodylus,Crocodylus niloticus,,SPECIES,"Crocodylus niloticus Laurenti, 1768",Crocodylus niloticus,,ZW,,Barotseland,PRESENT,,7b8aff00-a9f8-11d8-944b-b8a03c50a862,-13.45343129,27.80961838,714.01,Precise locaility unclear so used country ,100,,,,,23/01/1962 00:00,23,1,1962,2441341,2441341,PRESERVED_SPECIMEN,FMNH,Amphibians and Reptiles,134282,,,,CC0_1_0,The Field Museum of Natural History,R. G. Japp,,,25/11/2022 11:13,,COLLECTION_MATCH_FUZZY,,,,,,,,,,,,,,,,,,,,,,,,,,,,,,,,,,,,,,
668452771,e48d6c49-34a3-4df6-8206-121c061f190d,cc3b6718-280f-40f4-8eb4-af9eedf9916e,Animalia,Chordata,Crocodylia,,Crocodylidae,Crocodylus,Crocodylus niloticus,,SPECIES,"Crocodylus niloticus Laurenti, 1768",Crocodylus niloticus,,ZW,,Barotseland,PRESENT,,7b8aff00-a9f8-11d8-944b-b8a03c50a862,-13.45343129,27.80961838,714.01,Precise locaility unclear so used country ,100,,,,,23/01/1962 00:00,23,1,1962,2441341,2441341,PRESERVED_SPECIMEN,FMNH,Amphibians and Reptiles,134281,,,,CC0_1_0,The Field Museum of Natural History,R. G. Japp,,,25/11/2022 11:13,,COLLECTION_MATCH_FUZZY,,,,,,,,,,,,,,,,,,,,,,,,,,,,,,,,,,,,,,
668451523,e48d6c49-34a3-4df6-8206-121c061f190d,25b7232e-2a24-4e16-b2c7-9ddf2809c181,Animalia,Chordata,Crocodylia,,Crocodylidae,Crocodylus,Crocodylus niloticus,,SPECIES,"Crocodylus niloticus Laurenti, 1768",Crocodylus niloticus,,ZW,,Barotseland,PRESENT,,7b8aff00-a9f8-11d8-944b-b8a03c50a862,-13.45343129,27.80961838,714.01,Precise locaility unclear so used country ,100,,,,,01/01/1962 00:00,,1,1962,2441341,2441341,PRESERVED_SPECIMEN,FMNH,Amphibians and Reptiles,133033,,,,CC0_1_0,The Field Museum of Natural History,R. G. Japp,,,25/11/2022 11:13,,COLLECTION_MATCH_FUZZY,,,,,,,,,,,,,,,,,,,,,,,,,,,,,,,,,,,,,,
668440318,e48d6c49-34a3-4df6-8206-121c061f190d,2b0241af-fe58-4858-9c1d-804a0cdea1ac,Animalia,Chordata,Crocodylia,,Crocodylidae,Crocodylus,Crocodylus niloticus,,SPECIES,"Crocodylus niloticus Laurenti, 1768",Crocodylus niloticus,,KE,,,PRESENT,,7b8aff00-a9f8-11d8-944b-b8a03c50a862,0.549448186,37.96458233,598.62,,100,,,,,24/07/1958 00:00,24,7,1958,2441341,2441341,PRESERVED_SPECIMEN,FMNH,Amphibians and Reptiles,121043,,,,CC0_1_0,The Field Museum of Natural History,W. S. McIlhenny,,,25/11/2022 11:13,,COLLECTION_MATCH_FUZZY,,,,,,,,,,,,,,,,,,,,,,,,,,,,,,,,,,,,,,
668424428,e48d6c49-34a3-4df6-8206-121c061f190d,f234859a-3642-4328-a0c5-5477a196b91f,Animalia,Chordata,Crocodylia,,Crocodylidae,Crocodylus,Crocodylus niloticus,,SPECIES,"Crocodylus niloticus Laurenti, 1768",Crocodylus niloticus,,ML,,,PRESENT,,7b8aff00-a9f8-11d8-944b-b8a03c50a862,17.79096688,-1.665192823,1161.40,,100,,,,,12/05/1934 00:00,12,5,1934,2441341,2441341,PRESERVED_SPECIMEN,FMNH,Amphibians and Reptiles,19319,,,,CC0_1_0,The Field Museum of Natural History,F. C. Wonder,,,25/11/2022 11:13,,COLLECTION_MATCH_FUZZY,,,,,,,,,,,,,,,,,,,,,,,,,,,,,,,,,,,,,,
668424366,e48d6c49-34a3-4df6-8206-121c061f190d,2f6a62bf-85ad-43e5-823d-d17fe6f02e0e,Animalia,Chordata,Crocodylia,,Crocodylidae,Crocodylus,Crocodylus niloticus,,SPECIES,"Crocodylus niloticus Laurenti, 1768",Crocodylus niloticus,,BW,,,PRESENT,,7b8aff00-a9f8-11d8-944b-b8a03c50a862,-22.2566286,23.78201596,605.74,,100,,,,,01/07/1930 00:00,,7,1930,2441341,2441341,PRESERVED_SPECIMEN,FMNH,Amphibians and Reptiles,17157,,,,CC0_1_0,The Field Museum of Natural History,H. Lang,,,25/11/2022 11:13,,COLLECTION_MATCH_FUZZY,,,,,,,,,,,,,,,,,,,,,,,,,,,,,,,,,,,,,,
621069919,9cd0014c-b7b1-4ed1-bef7-0225acfa4ef2,urn:catalog:SMNS:Herpetologie:4899,Animalia,Chordata,Crocodylia,,Crocodylidae,Crocodylus,Crocodylus niloticus,,SPECIES,"Crocodylus niloticus Laurenti, 1768",Crocodylus niloticus,,CM,Cameroon,,PRESENT,,99ea0c90-61e5-11dc-a64c-b8a03c50a862,7.36667,12.35,757.61,Coordinates match but extent too small ,25,,,,,01/01/1905 00:00,,,1905,2441341,2441341,PRESERVED_SPECIMEN,SMNS,Herpetologie,4899,,,,CC_BY_NC_4_0,,Haas,,Native,25/11/2022 08:41,,COLLECTION_MATCH_NONE,,,,,,,,,,,,,,,,,,,,,,,,,,,,,,,,,,,,,,
621069917,9cd0014c-b7b1-4ed1-bef7-0225acfa4ef2,urn:catalog:SMNS:Herpetologie:4897,Animalia,Chordata,Crocodylia,,Crocodylidae,Crocodylus,Crocodylus niloticus,,SPECIES,"Crocodylus niloticus Laurenti, 1768",Crocodylus niloticus,,LR,Liberia,,PRESENT,,99ea0c90-61e5-11dc-a64c-b8a03c50a862,6.46667,-9.41667,317.61,Coordinates match but slightly too big ,100,,,,,01/01/1900 00:00,,,1900,2441341,2441341,PRESERVED_SPECIMEN,SMNS,Herpetologie,4897,,,,CC_BY_NC_4_0,,,,Native,25/11/2022 08:41,,COLLECTION_MATCH_NONE,,,,,,,,,,,,,,,,,,,,,,,,,,,,,,,,,,,,,,
621069915,9cd0014c-b7b1-4ed1-bef7-0225acfa4ef2,urn:catalog:SMNS:Herpetologie:4895,Animalia,Chordata,Crocodylia,,Crocodylidae,Crocodylus,Crocodylus niloticus,,SPECIES,"Crocodylus niloticus Laurenti, 1768",Crocodylus niloticus,,GH,Ghana,,PRESENT,,99ea0c90-61e5-11dc-a64c-b8a03c50a862,7.96667,-1.33333,397.60,"Coordinates match, extent matches ",100,,,,,01/01/1903 00:00,,,1903,2441341,2441341,PRESERVED_SPECIMEN,SMNS,Herpetologie,4895,,,,CC_BY_NC_4_0,,,,Native,25/11/2022 08:41,,COLLECTION_MATCH_NONE,,,,,,,,,,,,,,,,,,,,,,,,,,,,,,,,,,,,,,
621069914,9cd0014c-b7b1-4ed1-bef7-0225acfa4ef2,urn:catalog:SMNS:Herpetologie:4894,Animalia,Chordata,Crocodylia,,Crocodylidae,Crocodylus,Crocodylus niloticus,,SPECIES,"Crocodylus niloticus Laurenti, 1768",Crocodylus niloticus,,NG,Lagos,Lagos,PRESENT,,99ea0c90-61e5-11dc-a64c-b8a03c50a862,6.522846828,3.375350631,4.70,"Unclear boarder around Lagos, so measured 1/2 extent to nearest named palce (Ikeja)",75,,,,,###############################################################################################################################################################################################################################################################,,,1865,2441341,2441341,PRESERVED_SPECIMEN,SMNS,Herpetologie,4894,,,,CC_BY_NC_4_0,,"Mann, Adolph",,Native,25/11/2022 08:41,,COLLECTION_MATCH_NONE,,,,,,,,,,,,,,,,,,,,,,,,,,,,,,,,,,,,,,
621069913,9cd0014c-b7b1-4ed1-bef7-0225acfa4ef2,urn:catalog:SMNS:Herpetologie:4893,Animalia,Chordata,Crocodylia,,Crocodylidae,Crocodylus,Crocodylus niloticus,,SPECIES,"Crocodylus niloticus Laurenti, 1768",Crocodylus niloticus,,TG,"Togo, Amiaco",,PRESENT,,99ea0c90-61e5-11dc-a64c-b8a03c50a862,8.683875114,1.033763332,302.83,Could not locate Amiaco so used country ,75,,,,,###############################################################################################################################################################################################################################################################,,,1870,2441341,2441341,PRESERVED_SPECIMEN,SMNS,Herpetologie,4893,,,,CC_BY_NC_4_0,,,,Native,25/11/2022 08:41,,COLLECTION_MATCH_NONE,,,,,,,,,,,,,,,,,,,,,,,,,,,,,,,,,,,,,,
543478722,cece4fc2-1fec-4bb5-a335-7252548e3f0b,urn:catalog:CAS:HERP:133814,Animalia,Chordata,Crocodylia,,Crocodylidae,Crocodylus,Crocodylus niloticus,,SPECIES,"Crocodylus niloticus Laurenti, 1768",Crocodylus niloticus,,CM,"Edea, Sanaga River",Littoral Region,PRESENT,,66522820-055c-11d8-b84e-b8a03c50a862,3.796512887,10.13668864,3.42,Mid point eyeballed,100,,,,,24/06/1966 00:00,24,6,1966,2441341,2441341,PRESERVED_SPECIMEN,CAS,HERP,133814,,,,CC0_1_0,,T.J. Papenfuss,,,12/12/2022 00:09,StillImage,,,,,,,,,,,,,,,,,,,,,,,,,,,,,,,,,,,,,,,
543454343,cece4fc2-1fec-4bb5-a335-7252548e3f0b,urn:catalog:CAS:HERP:111873,Animalia,Chordata,Crocodylia,,Crocodylidae,Crocodylus,Crocodylus niloticus,,SPECIES,"Crocodylus niloticus Laurenti, 1768",Crocodylus niloticus,,KE,Baringo,Rift Valley Prov.,PRESENT,,66522820-055c-11d8-b84e-b8a03c50a862,0.633333,36.075,10.95,"Coordinates match, extent matches ",75,,,,,01/04/1967 00:00,,4,1967,2441341,2441341,PRESERVED_SPECIMEN,CAS,HERP,111873,JL-169,,,CC0_1_0,,J.H.E. Leakey,,,12/12/2022 00:09,StillImage,COORDINATE_ROUNDED;GEODETIC_DATUM_ASSUMED_WGS84,,,,,,,,,,,,,,,,,,,,,,,,,,,,,,,,,,,,,,
476795138,4bfac3ea-8763-4f4b-a71a-76a6f5f243d3,MCZ:Herp:R-16730,Animalia,Chordata,Crocodylia,,Crocodylidae,Crocodylus,Crocodylus niloticus,niloticus,SUBSPECIES,Crocodylus niloticus niloticus,Crocodylus niloticus niloticus,,MG,"Madagascar,Tsiribihina River",,PRESENT,1,b4640710-8e03-11d8-b956-b8a03c50a862,-19.82897,44.92441,28.77,Locality and coordinates don't match ,,,,,,01/01/1915 00:00,1,1,1915,7190931,2441341,PRESERVED_SPECIMEN,MCZ,Herp,R-16730,,Catalog,,CC_BY_NC_4_0,President and Fellows of Harvard College,Frederick Roelker Wulsin,,,15/12/2022 17:26,,INSTITUTION_MATCH_FUZZY;COLLECTION_MATCH_FUZZY,,,,,,,,,,,,,,,,,,,,,,,,,,,,,,,,,,,,,,
476693029,4bfac3ea-8763-4f4b-a71a-76a6f5f243d3,MCZ:Herp:R-159135,Animalia,Chordata,Crocodylia,,Crocodylidae,Crocodylus,Crocodylus niloticus,niloticus,SUBSPECIES,Crocodylus niloticus niloticus,Crocodylus niloticus niloticus,,KE,Kenya Colony Tsavo River,Taita-Taveta,PRESENT,1,b4640710-8e03-11d8-b956-b8a03c50a862,-3.02086,38.04622,62.92,"Cooridnates slightly off, extent seems too small",25,,,,,01/01/1909 00:00,1,1,1909,7190931,2441341,PRESERVED_SPECIMEN,MCZ,Herp,R-159135,MCZ FS-R7991,Catalog,,CC_BY_NC_4_0,President and Fellows of Harvard College,Glover Morrill Allen,,,15/12/2022 17:26,,INSTITUTION_MATCH_FUZZY;COLLECTION_MATCH_FUZZY,,,,,,,,,,,,,,,,,,,,,,,,,,,,,,,,,,,,,,
476686049,4bfac3ea-8763-4f4b-a71a-76a6f5f243d3,MCZ:Herp:R-40002,Animalia,Chordata,Crocodylia,,Crocodylidae,Crocodylus,Crocodylus niloticus,,SPECIES,"Crocodylus niloticus Laurenti, 1768",Crocodylus niloticus nioticus,,KE,"Between Kau & Kipini, Tana R, Kenya",,PRESENT,1,b4640710-8e03-11d8-b956-b8a03c50a862,-2.509374,40.480826,9.01,"Coordinates match, extent too small",25,,,,,07/05/1934 00:00,7,5,1934,2441341,2441341,PRESERVED_SPECIMEN,MCZ,Herp,R-40002,,Catalog,,CC_BY_NC_4_0,President and Fellows of Harvard College,Arthur Loveridge,,,15/12/2022 17:26,,TAXON_MATCH_HIGHERRANK;INSTITUTION_MATCH_FUZZY;COLLECTION_MATCH_FUZZY,,,,,,,,,,,,,,,,,,,,,,,,,,,,,,,,,,,,,,
476685949,4bfac3ea-8763-4f4b-a71a-76a6f5f243d3,MCZ:Herp:R-40001,Animalia,Chordata,Crocodylia,,Crocodylidae,Crocodylus,Crocodylus niloticus,,SPECIES,"Crocodylus niloticus Laurenti, 1768",Crocodylus niloticus nioticus,,KE,"Between Kau & Kipini, Tana R, Kenya",,PRESENT,1,b4640710-8e03-11d8-b956-b8a03c50a862,-2.509374,40.480826,9.01,"Coordinates match, extent too small",25,,,,,07/05/1934 00:00,7,5,1934,2441341,2441341,PRESERVED_SPECIMEN,MCZ,Herp,R-40001,,Catalog,,CC_BY_NC_4_0,President and Fellows of Harvard College,Arthur Loveridge,,,15/12/2022 17:27,,TAXON_MATCH_HIGHERRANK;INSTITUTION_MATCH_FUZZY;COLLECTION_MATCH_FUZZY,,,,,,,,,,,,,,,,,,,,,,,,,,,,,,,,,,,,,,
476684230,4bfac3ea-8763-4f4b-a71a-76a6f5f243d3,MCZ:Herp:R-50303,Animalia,Chordata,Crocodylia,,Crocodylidae,Crocodylus,Crocodylus niloticus,niloticus,SUBSPECIES,Crocodylus niloticus niloticus,Crocodylus niloticus niloticus,,MW,"Wrights Place,Mtimbuka,Lake Nyasa,Nyasaland",,PRESENT,1,b4640710-8e03-11d8-b956-b8a03c50a862,-12,34.5,1.19,"Coordinates don't really match, extent too small",25,,,,,17/02/1949 00:00,17,2,1949,7190931,2441341,PRESERVED_SPECIMEN,MCZ,Herp,R-50303,,Catalog,,CC_BY_NC_4_0,President and Fellows of Harvard College,Arthur Loveridge,,,15/12/2022 17:26,,INSTITUTION_MATCH_FUZZY;COLLECTION_MATCH_FUZZY,,,,,,,,,,,,,,,,,,,,,,,,,,,,,,,,,,,,,,
476684127,4bfac3ea-8763-4f4b-a71a-76a6f5f243d3,MCZ:Herp:R-50302,Animalia,Chordata,Crocodylia,,Crocodylidae,Crocodylus,Crocodylus niloticus,niloticus,SUBSPECIES,Crocodylus niloticus niloticus,Crocodylus niloticus niloticus,,MW,"Chipoks nr Mitimbuka Lake Nyasa,Nyasaland",,PRESENT,1,b4640710-8e03-11d8-b956-b8a03c50a862,-12,34.5,370.12,"Coordinates match, extent matches ",100,,,,,03/02/1949 00:00,3,2,1949,7190931,2441341,PRESERVED_SPECIMEN,MCZ,Herp,R-50302,,Catalog,,CC_BY_NC_4_0,President and Fellows of Harvard College,Arthur Loveridge,,,15/12/2022 17:26,,INSTITUTION_MATCH_FUZZY;COLLECTION_MATCH_FUZZY,,,,,,,,,,,,,,,,,,,,,,,,,,,,,,,,,,,,,,
476684126,4bfac3ea-8763-4f4b-a71a-76a6f5f243d3,MCZ:Herp:R-50301,Animalia,Chordata,Crocodylia,,Crocodylidae,Crocodylus,Crocodylus niloticus,niloticus,SUBSPECIES,Crocodylus niloticus niloticus,Crocodylus niloticus niloticus,,MW,"Chipoks nr Mitimbuka Lake Nyasa,Nyasaland",,PRESENT,1,b4640710-8e03-11d8-b956-b8a03c50a862,-12,34.5,370.12,"Coordinates match, extent matches ",100,,,,,03/02/1949 00:00,3,2,1949,7190931,2441341,PRESERVED_SPECIMEN,MCZ,Herp,R-50301,,Catalog,,CC_BY_NC_4_0,President and Fellows of Harvard College,Arthur Loveridge,,,15/12/2022 17:26,,INSTITUTION_MATCH_FUZZY;COLLECTION_MATCH_FUZZY,,,,,,,,,,,,,,,,,,,,,,,,,,,,,,,,,,,,,,
476681754,4bfac3ea-8763-4f4b-a71a-76a6f5f243d3,MCZ:Herp:R-12552,Animalia,Chordata,Crocodylia,,Crocodylidae,Crocodylus,Crocodylus niloticus,niloticus,SUBSPECIES,Crocodylus niloticus niloticus,Crocodylus niloticus niloticus,,MG,"Madagascsar,Siribihina River,Berevo",,PRESENT,1,b4640710-8e03-11d8-b956-b8a03c50a862,-19.72623,44.92372,2.41,"Coordinates match, extent matches ",75,,,,,10/07/1915 00:00,10,7,1915,7190931,2441341,PRESERVED_SPECIMEN,MCZ,Herp,R-12552,,Catalog,,CC_BY_NC_4_0,President and Fellows of Harvard College,Frederick Roelker Wulsin,,,15/12/2022 17:27,,INSTITUTION_MATCH_FUZZY;COLLECTION_MATCH_FUZZY,,,,,,,,,,,,,,,,,,,,,,,,,,,,,,,,,,,,,,
476680414,4bfac3ea-8763-4f4b-a71a-76a6f5f243d3,MCZ:Herp:R-31565,Animalia,Chordata,Crocodylia,,Crocodylidae,Crocodylus,Crocodylus niloticus,niloticus,SUBSPECIES,Crocodylus niloticus niloticus,Crocodylus niloticus niloticus,,TZ,"Namanyere,Lake Tanganyika",Rukwa,PRESENT,1,b4640710-8e03-11d8-b956-b8a03c50a862,-7.516667,31.05,6.31,"Coordinates match, extent matches ",75,,,,,01/01/1922 00:00,1,1,1922,7190931,2441341,PRESERVED_SPECIMEN,MCZ,Herp,R-31565,,Catalog,,CC_BY_NC_4_0,President and Fellows of Harvard College,Native,,,15/12/2022 17:26,,INSTITUTION_MATCH_FUZZY;COLLECTION_MATCH_FUZZY,,,,,,,,,,,,,,,,,,,,,,,,,,,,,,,,,,,,,,
476676222,4bfac3ea-8763-4f4b-a71a-76a6f5f243d3,MCZ:Herp:R-54120,Animalia,Chordata,Crocodylia,,Crocodylidae,Crocodylus,Crocodylus niloticus,niloticus,SUBSPECIES,Crocodylus niloticus niloticus,"Crocodylus niloticus niloticus Laurenti, 1768","Laurenti, 1768",SL,"Katim nr Gbap,Bonthe District,Sierra Leone",Southern,PRESENT,1,b4640710-8e03-11d8-b956-b8a03c50a862,7.5,-12.5,0.30,"Coordinates match although can't locate Katim nr Gbap but points are located in Bonthe , extent seems potetially too small",50,,,,,05/05/1954 00:00,5,5,1954,7190931,2441341,PRESERVED_SPECIMEN,MCZ,Herp,R-54120,J32,Catalog,,CC_BY_NC_4_0,President and Fellows of Harvard College,Theodore S. Jones,,,15/12/2022 17:26,,INSTITUTION_MATCH_FUZZY;COLLECTION_MATCH_FUZZY,,,,,,,,,,,,,,,,,,,,,,,,,,,,,,,,,,,,,,
476675854,4bfac3ea-8763-4f4b-a71a-76a6f5f243d3,MCZ:Herp:R-16868,Animalia,Chordata,Crocodylia,,Crocodylidae,Crocodylus,Crocodylus niloticus,niloticus,SUBSPECIES,Crocodylus niloticus niloticus,Crocodylus niloticus niloticus,,MG,"Madagascar,Tsiribihina Riv.Maudrivazo",,PRESENT,1,b4640710-8e03-11d8-b956-b8a03c50a862,-19.26482,45.3214,66.57,"Coordinates match, extent matches but potnetially too large",50,,,,,###############################################################################################################################################################################################################################################################,8,7,1899,7190931,2441341,PRESERVED_SPECIMEN,MCZ,Herp,R-16868,,Catalog,,CC_BY_NC_4_0,President and Fellows of Harvard College,Frederick Roelker Wulsin,,,15/12/2022 17:26,,INSTITUTION_MATCH_FUZZY;COLLECTION_MATCH_FUZZY,,,,,,,,,,,,,,,,,,,,,,,,,,,,,,,,,,,,,,
476675721,4bfac3ea-8763-4f4b-a71a-76a6f5f243d3,MCZ:Herp:R-16731,Animalia,Chordata,Crocodylia,,Crocodylidae,Crocodylus,Crocodylus niloticus,niloticus,SUBSPECIES,Crocodylus niloticus niloticus,Crocodylus niloticus niloticus,,MG,"Madagascar,Mahabo,Morondava River",,PRESENT,1,b4640710-8e03-11d8-b956-b8a03c50a862,-20.68594,44.87849,40.59,"Coordinates match Mahabo, but can't locate Morondava River, extent seems large enough ",50,,,,,17/07/1915 00:00,17,7,1915,7190931,2441341,PRESERVED_SPECIMEN,MCZ,Herp,R-16731,,Catalog,,CC_BY_NC_4_0,President and Fellows of Harvard College,Frederick Roelker Wulsin,,,15/12/2022 17:26,,INSTITUTION_MATCH_FUZZY;COLLECTION_MATCH_FUZZY,,,,,,,,,,,,,,,,,,,,,,,,,,,,,,,,,,,,,,
476675615,4bfac3ea-8763-4f4b-a71a-76a6f5f243d3,MCZ:Herp:R-16729,Animalia,Chordata,Crocodylia,,Crocodylidae,Crocodylus,Crocodylus niloticus,niloticus,SUBSPECIES,Crocodylus niloticus niloticus,Crocodylus niloticus niloticus,,MG,"Madagascar,Morondava River,Mahabo",,PRESENT,1,b4640710-8e03-11d8-b956-b8a03c50a862,-20.68594,44.87849,40.59,"Coordinates match Mahabo, but can't locate Morondava River, extent seems large enough ",50,,,,,17/07/1915 00:00,17,7,1915,7190931,2441341,PRESERVED_SPECIMEN,MCZ,Herp,R-16729,,Catalog,,CC_BY_NC_4_0,President and Fellows of Harvard College,Frederick Roelker Wulsin,,,15/12/2022 17:27,,INSTITUTION_MATCH_FUZZY;COLLECTION_MATCH_FUZZY,,,,,,,,,,,,,,,,,,,,,,,,,,,,,,,,,,,,,,
476675258,4bfac3ea-8763-4f4b-a71a-76a6f5f243d3,MCZ:Herp:R-48000,Animalia,Chordata,Crocodylia,,Crocodylidae,Crocodylus,Crocodylus niloticus,niloticus,SUBSPECIES,Crocodylus niloticus niloticus,Crocodylus niloticus niloticus,,TZ,"Mbanja, nr Lindi",Lindi,PRESENT,1,b4640710-8e03-11d8-b956-b8a03c50a862,-9.883333,39.733333,9.03,"Coordinates match, extent matches but slighlty large ",75,,,,,03/05/1939 00:00,3,5,1939,7190931,2441341,PRESERVED_SPECIMEN,MCZ,Herp,R-48000,,Catalog,,CC_BY_NC_4_0,President and Fellows of Harvard College,Arthur Loveridge,,,15/12/2022 17:26,,COORDINATE_ROUNDED;INSTITUTION_MATCH_FUZZY;COLLECTION_MATCH_FUZZY,,,,,,,,,,,,,,,,,,,,,,,,,,,,,,,,,,,,,,
476671278,4bfac3ea-8763-4f4b-a71a-76a6f5f243d3,MCZ:Herp:R-30000,Animalia,Chordata,Crocodylia,,Crocodylidae,Crocodylus,Crocodylus niloticus,niloticus,SUBSPECIES,Crocodylus niloticus niloticus,Crocodylus niloticus niloticus,,TZ,"Mwaya,Lake Nyasa,Tanganyika Terr",Mbeya,PRESENT,1,b4640710-8e03-11d8-b956-b8a03c50a862,-9.55,33.95,4.85,"Coordinates match, extent matches",75,,,,,06/03/1930 00:00,6,3,1930,7190931,2441341,PRESERVED_SPECIMEN,MCZ,Herp,R-30000,,Catalog,,CC_BY_NC_4_0,President and Fellows of Harvard College,Arthur Loveridge,,,15/12/2022 17:27,,INSTITUTION_MATCH_FUZZY;COLLECTION_MATCH_FUZZY,,,,,,,,,,,,,,,,,,,,,,,,,,,,,,,,,,,,,,
476665610,4bfac3ea-8763-4f4b-a71a-76a6f5f243d3,MCZ:Herp:R-26933,Animalia,Chordata,Crocodylia,,Crocodylidae,Crocodylus,Crocodylus niloticus,niloticus,SUBSPECIES,Crocodylus niloticus niloticus,Crocodylus niloticus niloticus,,MG,"Maevetanana,Ikopa River,Madagascar",,PRESENT,1,b4640710-8e03-11d8-b956-b8a03c50a862,-16.94852,46.82967,2.00,"Coordinates match, extent matches ",75,,,,,02/09/1915 00:00,2,9,1915,7190931,2441341,PRESERVED_SPECIMEN,MCZ,Herp,R-26933,,Catalog,,CC_BY_NC_4_0,President and Fellows of Harvard College,Frederick Roelker Wulsin,,,15/12/2022 17:26,,INSTITUTION_MATCH_FUZZY;COLLECTION_MATCH_FUZZY,,,,,,,,,,,,,,,,,,,,,,,,,,,,,,,,,,,,,,
476663751,4bfac3ea-8763-4f4b-a71a-76a6f5f243d3,MCZ:Herp:R-13984,Animalia,Chordata,Crocodylia,,Crocodylidae,Crocodylus,Crocodylus niloticus,niloticus,SUBSPECIES,Crocodylus niloticus niloticus,Crocodylus niloticus niloticus,,MG,[no specific locality data],,PRESENT,1,b4640710-8e03-11d8-b956-b8a03c50a862,-19.254952,48.230469,825.84,can't check coordinantes ,,,,,,###############################################################################################################################################################################################################################################################,8,7,1899,7190931,2441341,PRESERVED_SPECIMEN,MCZ,Herp,R-13984,,Catalog,,CC_BY_NC_4_0,President and Fellows of Harvard College,Frederick Roelker Wulsin,,,15/12/2022 17:26,,INSTITUTION_MATCH_FUZZY;COLLECTION_MATCH_FUZZY,,,,,,,,,,,,,,,,,,,,,,,,,,,,,,,,,,,,,,
476663750,4bfac3ea-8763-4f4b-a71a-76a6f5f243d3,MCZ:Herp:R-13983,Animalia,Chordata,Crocodylia,,Crocodylidae,Crocodylus,Crocodylus niloticus,niloticus,SUBSPECIES,Crocodylus niloticus niloticus,Crocodylus niloticus niloticus,,MG,[no specific locality data],,PRESENT,1,b4640710-8e03-11d8-b956-b8a03c50a862,-19.254952,48.230469,825.84,can't check coordinantes ,,,,,,###############################################################################################################################################################################################################################################################,8,7,1899,7190931,2441341,PRESERVED_SPECIMEN,MCZ,Herp,R-13983,,Catalog,,CC_BY_NC_4_0,President and Fellows of Harvard College,Frederick Roelker Wulsin,,,15/12/2022 17:26,,INSTITUTION_MATCH_FUZZY;COLLECTION_MATCH_FUZZY,,,,,,,,,,,,,,,,,,,,,,,,,,,,,,,,,,,,,,
476663601,4bfac3ea-8763-4f4b-a71a-76a6f5f243d3,MCZ:Herp:R-4372,Animalia,Chordata,Crocodylia,,Crocodylidae,Crocodylus,Crocodylus niloticus,niloticus,SUBSPECIES,Crocodylus niloticus niloticus,Crocodylus niloticus niloticus,,ET,Abyssinia,,PRESENT,1,b4640710-8e03-11d8-b956-b8a03c50a862,9.071802,40.338031,825.84,"Coordinates match, extent slightly too small ",50,,,,,###############################################################################################################################################################################################################################################################,1,1,1832,7190931,2441341,PRESERVED_SPECIMEN,MCZ,Herp,R-4372,,Catalog,,CC_BY_NC_4_0,President and Fellows of Harvard College,"Edward Gerrard, Jr.",,,15/12/2022 17:26,,INSTITUTION_MATCH_FUZZY;COLLECTION_MATCH_FUZZY,,,,,,,,,,,,,,,,,,,,,,,,,,,,,,,,,,,,,,
476657218,4bfac3ea-8763-4f4b-a71a-76a6f5f243d3,MCZ:Herp:R-7991,Animalia,Chordata,Crocodylia,,Crocodylidae,Crocodylus,Crocodylus niloticus,niloticus,SUBSPECIES,Crocodylus niloticus niloticus,Crocodylus niloticus niloticus,,KE,"Tsaro R, Br Ea Africa",Taita-Taveta,PRESENT,2,b4640710-8e03-11d8-b956-b8a03c50a862,-3.02086,38.04622,62.92,"Coordinates match, extent matches ",75,,,,,01/01/1909 00:00,1,1,1909,7190931,2441341,PRESERVED_SPECIMEN,MCZ,Herp,R-7991,,Catalog,,CC_BY_NC_4_0,President and Fellows of Harvard College,Glover Morrill Allen,,,15/12/2022 17:26,,INSTITUTION_MATCH_FUZZY;COLLECTION_MATCH_FUZZY,,,,,,,,,,,,,,,,,,,,,,,,,,,,,,,,,,,,,,
476497998,4bfac3ea-8763-4f4b-a71a-76a6f5f243d3,MCZ:Herp:R-55153,Animalia,Chordata,Crocodylia,,Crocodylidae,Crocodylus,Crocodylus niloticus,niloticus,SUBSPECIES,Crocodylus niloticus niloticus,Crocodylus niloticus niloticus,,GH,"Weja River,Ghana",,PRESENT,1,b4640710-8e03-11d8-b956-b8a03c50a862,8,-2,0.30,"Could not locate on map, locality only a partial match",,,,,,01/01/1956 00:00,1,1,1956,7190931,2441341,PRESERVED_SPECIMEN,MCZ,Herp,R-55153,212,Catalog,,CC_BY_NC_4_0,President and Fellows of Harvard College,M. C. Lesage,,,15/12/2022 17:26,,INSTITUTION_MATCH_FUZZY;COLLECTION_MATCH_FUZZY,,,,,,,,,,,,,,,,,,,,,,,,,,,,,,,,,,,,,,
476494466,4bfac3ea-8763-4f4b-a71a-76a6f5f243d3,MCZ:Herp:R-54121,Animalia,Chordata,Crocodylia,,Crocodylidae,Crocodylus,Crocodylus niloticus,niloticus,SUBSPECIES,Crocodylus niloticus niloticus,"Crocodylus niloticus niloticus Laurenti, 1768","Laurenti, 1768",SL,"Njala,Sierra Leone",,PRESENT,1,b4640710-8e03-11d8-b956-b8a03c50a862,8.5,-11.5,0.30,"Coordinates match, extent slightly too small ",50,,,,,05/05/1954 00:00,5,5,1954,7190931,2441341,PRESERVED_SPECIMEN,MCZ,Herp,R-54121,J33,Catalog,,CC_BY_NC_4_0,President and Fellows of Harvard College,Theodore S. Jones,,,15/12/2022 17:26,,INSTITUTION_MATCH_FUZZY;COLLECTION_MATCH_FUZZY,,,,,,,,,,,,,,,,,,,,,,,,,,,,,,,,,,,,,,
440165972,217b0d4f-c87e-4063-b6c5-78277e40e866,http://coldb.mnhn.fr/catalognumber/mnhn/ra/1977.1613,Animalia,Chordata,Crocodylia,,Crocodylidae,Crocodylus,Crocodylus niloticus,,SPECIES,"Crocodylus niloticus Laurenti, 1768","Crocodylus niloticus Laurenti, 1768","Laurenti, 1768",BJ,Abomey,,PRESENT,,2cd829bb-b713-433d-99cf-64bef11e5b3e,7.181732495,1.99624864,3.36,Mid point eyeballed,75,,,,,19/07/1977 00:00,19,7,1977,2441341,2441341,PRESERVED_SPECIMEN,MNHN,RA,1977.1613,,Catalogue,,CC_BY_4_0,,"Lamotte, Maxime",,,14/12/2022 12:26,,INSTITUTION_MATCH_FUZZY,,,,,,,,,,,,,,,,,,,,,,,,,,,,,,,,,,,,,,
440165971,217b0d4f-c87e-4063-b6c5-78277e40e866,http://coldb.mnhn.fr/catalognumber/mnhn/ra/1977.1612,Animalia,Chordata,Crocodylia,,Crocodylidae,Crocodylus,Crocodylus niloticus,,SPECIES,"Crocodylus niloticus Laurenti, 1768","Crocodylus niloticus Laurenti, 1768","Laurenti, 1768",BJ,Abomey,,PRESENT,,2cd829bb-b713-433d-99cf-64bef11e5b3e,7.181732495,1.99624864,3.36,Mid point eyeballed,75,,,,,19/07/1977 00:00,19,7,1977,2441341,2441341,PRESERVED_SPECIMEN,MNHN,RA,1977.1612,,Catalogue,,CC_BY_4_0,,"Lamotte, Maxime",,,14/12/2022 12:26,,INSTITUTION_MATCH_FUZZY,,,,,,,,,,,,,,,,,,,,,,,,,,,,,,,,,,,,,,
440118519,217b0d4f-c87e-4063-b6c5-78277e40e866,http://coldb.mnhn.fr/catalognumber/mnhn/ra/1997.3171,Animalia,Chordata,Crocodylia,,Crocodylidae,Crocodylus,Crocodylus niloticus,,SPECIES,"Crocodylus niloticus Laurenti, 1768","Crocodylus niloticus Laurenti, 1768","Laurenti, 1768",CF,Berbérati,,PRESENT,,2cd829bb-b713-433d-99cf-64bef11e5b3e,4.256280304,15.78448481,3.87,Mid point eyeballed,75,,,,,06/03/1995 00:00,6,3,1995,2441341,2441341,PRESERVED_SPECIMEN,MNHN,RA,1997.3171,,,,CC_BY_4_0,,"Chirio, Laurent",,,14/12/2022 12:26,,INSTITUTION_MATCH_FUZZY,,,,,,,,,,,,,,,,,,,,,,,,,,,,,,,,,,,,,,
440107046,217b0d4f-c87e-4063-b6c5-78277e40e866,http://coldb.mnhn.fr/catalognumber/mnhn/ra/1987.1120,Animalia,Chordata,Crocodylia,,Crocodylidae,Crocodylus,Crocodylus niloticus,,SPECIES,"Crocodylus niloticus Laurenti, 1768","Crocodylus niloticus Laurenti, 1768","Laurenti, 1768",CD,sur l'Oubangui,,PRESENT,,2cd829bb-b713-433d-99cf-64bef11e5b3e,-2.693087594,23.679519,1356.27,Precise locality unclear so used country ,100,,,,,10/07/1986 00:00,10,7,1986,2441341,2441341,PRESERVED_SPECIMEN,MNHN,RA,1987.1120,,,,CC_BY_4_0,,,,,14/12/2022 12:26,,INSTITUTION_MATCH_FUZZY,,,,,,,,,,,,,,,,,,,,,,,,,,,,,,,,,,,,,,
440053170,217b0d4f-c87e-4063-b6c5-78277e40e866,http://coldb.mnhn.fr/catalognumber/mnhn/ra/1977.1611,Animalia,Chordata,Crocodylia,,Crocodylidae,Crocodylus,Crocodylus niloticus,,SPECIES,"Crocodylus niloticus Laurenti, 1768","Crocodylus niloticus Laurenti, 1768","Laurenti, 1768",BJ,Abomey,,PRESENT,,2cd829bb-b713-433d-99cf-64bef11e5b3e,7.181732495,1.99624864,3.36,Mid point eyeballed,75,,,,,19/07/1977 00:00,19,7,1977,2441341,2441341,PRESERVED_SPECIMEN,MNHN,RA,1977.1611,,Catalogue,,CC_BY_4_0,,"Lamotte, Maxime",,,14/12/2022 12:26,,INSTITUTION_MATCH_FUZZY,,,,,,,,,,,,,,,,,,,,,,,,,,,,,,,,,,,,,,
440050251,217b0d4f-c87e-4063-b6c5-78277e40e866,http://coldb.mnhn.fr/catalognumber/mnhn/ra/1987.1123,Animalia,Chordata,Crocodylia,,Crocodylidae,Crocodylus,Crocodylus niloticus,,SPECIES,"Crocodylus niloticus Laurenti, 1768","Crocodylus niloticus Laurenti, 1768","Laurenti, 1768",ML,Fleuve Bari à hauteur de Ségou,,PRESENT,,2cd829bb-b713-433d-99cf-64bef11e5b3e,13.45037942,-6.262994358,2.94,Extent half distance to nearest named place (Nguéréfébougou),75,,,,,22/04/1947 00:00,22,4,1947,2441341,2441341,PRESERVED_SPECIMEN,MNHN,RA,1987.1123,,Professeur Daget,,CC_BY_4_0,,Professeur Daget,,,14/12/2022 12:26,,INSTITUTION_MATCH_FUZZY,,,,,,,,,,,,,,,,,,,,,,,,,,,,,,,,,,,,,,
440034305,217b0d4f-c87e-4063-b6c5-78277e40e866,http://coldb.mnhn.fr/catalognumber/mnhn/ra/1977.1614,Animalia,Chordata,Crocodylia,,Crocodylidae,Crocodylus,Crocodylus niloticus,,SPECIES,"Crocodylus niloticus Laurenti, 1768","Crocodylus niloticus Laurenti, 1768","Laurenti, 1768",BJ,Abomey,,PRESENT,,2cd829bb-b713-433d-99cf-64bef11e5b3e,7.181732495,1.99624864,3.36,Mid point eyeballed,75,,,,,19/07/1977 00:00,19,7,1977,2441341,2441341,PRESERVED_SPECIMEN,MNHN,RA,1977.1614,,Catalogue,,CC_BY_4_0,,"Lamotte, Maxime",,,14/12/2022 12:26,,INSTITUTION_MATCH_FUZZY,,,,,,,,,,,,,,,,,,,,,,,,,,,,,,,,,,,,,,
440031381,217b0d4f-c87e-4063-b6c5-78277e40e866,http://coldb.mnhn.fr/catalognumber/mnhn/ra/1986.69,Animalia,Chordata,Crocodylia,,Crocodylidae,Crocodylus,Crocodylus niloticus,,SPECIES,"Crocodylus niloticus Laurenti, 1768","Crocodylus niloticus Laurenti, 1768","Laurenti, 1768",MG,Sans localité précise,,PRESENT,,2cd829bb-b713-433d-99cf-64bef11e5b3e,-20.9852726,46.06554376,1008.51,Precise locaility unclear so used country ,100,,,,,01/01/1924 00:00,1,1,1924,2441341,2441341,PRESERVED_SPECIMEN,MNHN,RA,1986.69,,,,CC_BY_4_0,,"Petit, G.",,,14/12/2022 12:26,,INSTITUTION_MATCH_FUZZY,,,,,,,,,,,,,,,,,,,,,,,,,,,,,,,,,,,,,,
164443854,64be02e0-0c64-11dd-84d1-b8a03c50a862,NRM:NRM-Herps:38980,Animalia,Chordata,Crocodylia,,Crocodylidae,Crocodylus,Crocodylus niloticus,,SPECIES,"Crocodylus niloticus Laurenti, 1768",Crocodylus niloticus,,GM,MacCarthy Island area,MacCarthy Island Div,PRESENT,1,4c415e40-1e21-11de-9e40-a0d6ecebb8bf,13.53634911,-14.76934595,1.96,Extent half distance to nearest named place (Nanna),75,,,,,01/01/1931 00:00,,,1931,2441341,2441341,PRESERVED_SPECIMEN,NRM,NRM-Herps,38980,,,,CC0_1_0,,,,,11/12/2022 23:02,,OCCURRENCE_STATUS_INFERRED_FROM_INDIVIDUAL_COUNT;COLLECTION_MATCH_NONE;INSTITUTION_MATCH_FUZZY,,,,,,,,,,,,,,,,,,,,,,,,,,,,,,,,,,,,,,
164443844,64be02e0-0c64-11dd-84d1-b8a03c50a862,NRM:NRM-Herps:38965,Animalia,Chordata,Crocodylia,,Crocodylidae,Crocodylus,Crocodylus niloticus,,SPECIES,"Crocodylus niloticus Laurenti, 1768",Crocodylus niloticus,,MG,Betsina,,PRESENT,1,4c415e40-1e21-11de-9e40-a0d6ecebb8bf,-20.9852726,46.06554376,1008.51,Precise locaility unclear so used country ,100,,,,,01/01/1912 00:00,,,1912,2441341,2441341,PRESERVED_SPECIMEN,NRM,NRM-Herps,38965,,"Åhlander, E",31/12/1996 00:00,CC0_1_0,,,,,11/12/2022 23:02,,OCCURRENCE_STATUS_INFERRED_FROM_INDIVIDUAL_COUNT;COLLECTION_MATCH_NONE;INSTITUTION_MATCH_FUZZY,,,,,,,,,,,,,,,,,,,,,,,,,,,,,,,,,,,,,,
164443843,64be02e0-0c64-11dd-84d1-b8a03c50a862,NRM:NRM-Herps:38964,Animalia,Chordata,Crocodylia,,Crocodylidae,Crocodylus,Crocodylus niloticus,,SPECIES,"Crocodylus niloticus Laurenti, 1768",Crocodylus niloticus,,GM,MacCarthy Island area,MacCarthy Island Div,PRESENT,1,4c415e40-1e21-11de-9e40-a0d6ecebb8bf,13.53634911,-14.76934595,1.96,Extent half distance to nearest named place (Nanna),75,,,,,01/01/1931 00:00,,,1931,2441341,2441341,PRESERVED_SPECIMEN,NRM,NRM-Herps,38964,,,,CC0_1_0,,,,,11/12/2022 23:02,,OCCURRENCE_STATUS_INFERRED_FROM_INDIVIDUAL_COUNT;COLLECTION_MATCH_NONE;INSTITUTION_MATCH_FUZZY,,,,,,,,,,,,,,,,,,,,,,,,,,,,,,,,,,,,,,
164443703,64be02e0-0c64-11dd-84d1-b8a03c50a862,NRM:NRM-Herps:30306,Animalia,Chordata,Crocodylia,,Crocodylidae,Crocodylus,Crocodylus niloticus,,SPECIES,"Crocodylus niloticus Laurenti, 1768",Crocodylus niloticus madagascariensi,,MG,"[halfway Marovoay-Beronono], S:te Marie de Marovoay",,PRESENT,1,4c415e40-1e21-11de-9e40-a0d6ecebb8bf,-16.06427036,46.7261595,1.76,Extent half distance to nearest named place (Ambodimanga),75,,,,,01/09/1906 00:00,,9,1906,2441341,2441341,PRESERVED_SPECIMEN,NRM,NRM-Herps,30306,,Unknown,,CC0_1_0,,,,,11/12/2022 23:02,,TAXON_MATCH_HIGHERRANK;OCCURRENCE_STATUS_INFERRED_FROM_INDIVIDUAL_COUNT;COLLECTION_MATCH_NONE;INSTITUTION_MATCH_FUZZY,,,,,,,,,,,,,,,,,,,,,,,,,,,,,,,,,,,,,,
164443652,64be02e0-0c64-11dd-84d1-b8a03c50a862,NRM:NRM-Herps:30020,Animalia,Chordata,Crocodylia,,Crocodylidae,Crocodylus,Crocodylus niloticus,,SPECIES,"Crocodylus niloticus Laurenti, 1768",Crocodylus niloticus,,ZA,Umtugaet River (?),,PRESENT,3,4c415e40-1e21-11de-9e40-a0d6ecebb8bf,-30.63853346,24.59440832,1137.68,Locality unclear so used country ,100,,,,,###############################################################################################################################################################################################################################################################,11,11,1840,2441341,2441341,PRESERVED_SPECIMEN,NRM,NRM-Herps,30020,,Unknown,,CC0_1_0,,,,,11/12/2022 23:02,,OCCURRENCE_STATUS_INFERRED_FROM_INDIVIDUAL_COUNT;COLLECTION_MATCH_NONE;INSTITUTION_MATCH_FUZZY,,,,,,,,,,,,,,,,,,,,,,,,,,,,,,,,,,,,,,
164443599,64be02e0-0c64-11dd-84d1-b8a03c50a862,NRM:NRM-Herps:9181,Animalia,Chordata,Crocodylia,,Crocodylidae,Crocodylus,Crocodylus niloticus,,SPECIES,"Crocodylus niloticus Laurenti, 1768",Crocodylus niloticus,,EG,"Egypt, [=Žgypten]",,PRESENT,1,4c415e40-1e21-11de-9e40-a0d6ecebb8bf,26.47649844,29.94474209,732.32,,100,,,,,01/01/1909 00:00,,,1909,2441341,2441341,PRESERVED_SPECIMEN,NRM,NRM-Herps,9181,,Unknown,,CC0_1_0,,,,,11/12/2022 23:02,,OCCURRENCE_STATUS_INFERRED_FROM_INDIVIDUAL_COUNT;COLLECTION_MATCH_NONE;INSTITUTION_MATCH_FUZZY,,,,,,,,,,,,,,,,,,,,,,,,,,,,,,,,,,,,,,
164443519,64be02e0-0c64-11dd-84d1-b8a03c50a862,NRM:NRM-Herps:5900,Animalia,Chordata,Crocodylia,,Crocodylidae,Crocodylus,Crocodylus niloticus,,SPECIES,"Crocodylus niloticus Laurenti, 1768",Crocodylus niloticus,,ZA,South Africa,,PRESENT,1,4c415e40-1e21-11de-9e40-a0d6ecebb8bf,-30.63853346,24.59440832,1137.68,,100,,,,,###############################################################################################################################################################################################################################################################,,,1845,2441341,2441341,PRESERVED_SPECIMEN,NRM,NRM-Herps,5900,,Unknown,,CC0_1_0,,,,,11/12/2022 23:02,,OCCURRENCE_STATUS_INFERRED_FROM_INDIVIDUAL_COUNT;COLLECTION_MATCH_NONE;INSTITUTION_MATCH_FUZZY,,,,,,,,,,,,,,,,,,,,,,,,,,,,,,,,,,,,,,
164443516,64be02e0-0c64-11dd-84d1-b8a03c50a862,NRM:NRM-Herps:5885,Animalia,Chordata,Crocodylia,,Crocodylidae,Crocodylus,Crocodylus niloticus,,SPECIES,"Crocodylus niloticus Laurenti, 1768",Crocodylus niloticus,,ZA,South Africa,,PRESENT,1,4c415e40-1e21-11de-9e40-a0d6ecebb8bf,-30.63853346,24.59440832,1137.68,,100,,,,,01/01/1999 00:00,,,1999,2441341,2441341,PRESERVED_SPECIMEN,NRM,NRM-Herps,5885,,"Åhlander, E",31/12/1999 00:00,CC0_1_0,,,,,11/12/2022 23:02,,OCCURRENCE_STATUS_INFERRED_FROM_INDIVIDUAL_COUNT;COLLECTION_MATCH_NONE;INSTITUTION_MATCH_FUZZY,,,,,,,,,,,,,,,,,,,,,,,,,,,,,,,,,,,,,,
164403146,86594bf6-f762-11e1-a439-00145eb45e9a,,Animalia,Chordata,Crocodylia,,Crocodylidae,Crocodylus,Crocodylus niloticus,,SPECIES,"Crocodylus niloticus Laurenti, 1768",Crocodylus niloticus,,AO,,,PRESENT,,f9b67ad0-9c9b-11d9-b9db-b8a03c50a862,-12.14261918,17.67236068,834.39,,100,,,,,09/07/1936 00:00,9,7,1936,2441341,2441341,PRESERVED_SPECIMEN,ANSP,HRP,35303,,,,CC_BY_4_0,,G. Lovering & J. Develin,,,18/12/2022 10:10,,TYPE_STATUS_INVALID;INSTITUTION_MATCH_FUZZY;INSTITUTION_COLLECTION_MISMATCH,,,,,,,,,,,,,,,,,,,,,,,,,,,,,,,,,,,,,,
164403145,86594bf6-f762-11e1-a439-00145eb45e9a,,Animalia,Chordata,Crocodylia,,Crocodylidae,Crocodylus,Crocodylus niloticus,,SPECIES,"Crocodylus niloticus Laurenti, 1768",Crocodylus niloticus,,AO,,,PRESENT,,f9b67ad0-9c9b-11d9-b9db-b8a03c50a862,-12.14261918,17.67236068,834.39,,100,,,,,09/07/1936 00:00,9,7,1936,2441341,2441341,PRESERVED_SPECIMEN,ANSP,HRP,35302,,,,CC_BY_4_0,,G. Lovering & J. Develin,,,18/12/2022 10:10,,TYPE_STATUS_INVALID;INSTITUTION_MATCH_FUZZY;INSTITUTION_COLLECTION_MISMATCH,,,,,,,,,,,,,,,,,,,,,,,,,,,,,,,,,,,,,,
79995487,427a6290-0c65-11dd-84d2-b8a03c50a862,MZLU:Reptilia:L871/3077,Animalia,Chordata,Crocodylia,,Crocodylidae,Crocodylus,Crocodylus niloticus,,SPECIES,"Crocodylus niloticus Laurenti, 1768","Crocodylus niloticus Laurenti, 1768","Laurenti, 1768",EG,n/a,,PRESENT,1,4c415e40-1e21-11de-9e40-a0d6ecebb8bf,26.47649844,29.94474209,732.32,,100,,,,,###############################################################################################################################################################################################################################################################,,,1871,2441341,2441341,PRESERVED_SPECIMEN,MZLU,Reptilia,L871/3077,,,,CC_BY_NC_4_0,,,,,25/11/2022 03:58,,OCCURRENCE_STATUS_INFERRED_FROM_INDIVIDUAL_COUNT;COLLECTION_MATCH_FUZZY,,,,,,,,,,,,,,,,,,,,,,,,,,,,,,,,,,,,,,
